timestamp,btc_price,target_price,hma20,hma50,adx,signal_code,decision_text,mean_ndi,mean_pdi,ndi_slope,pdi_slope,ndi_rising,pdi_rising,ndipdi,score,ema_dir,is_bear
2026-05-04 20:29:07,78940.0,,,,21.12,0,📊 市場狀態: 無信號,23.886,24.183,-0.53,-0.496,0,1,-0.298,0.2778,0,0
2026-05-04 20:30:15,78928.0,,,,20.22,0,📊 市場狀態: 無信號,23.81,24.078,0.031,-0.241,1,1,-0.268,0.2843,0,0
2026-05-04 20:31:22,78907.0,,,,20.01,0,📊 市場狀態: 無信號,23.841,23.758,-0.005,-0.389,1,1,0.083,0.2704,0,0
2026-05-04 20:32:29,78845.0,,,,20.08,0,📊 市場狀態: 無信號,26.049,23.06,2.202,-1.087,1,0,2.988,0.2787,0,0
2026-05-04 20:33:37,78850.0,,,,20.18,0,📊 市場狀態: 無信號,26.637,22.863,2.791,-1.284,1,0,3.774,0.2768,0,0
2026-05-04 20:34:45,78835.0,,,,20.18,0,📊 市場狀態: 無信號,26.775,22.819,2.928,-1.329,1,0,3.956,0.2771,0,0
2026-05-04 20:35:53,78843.0,,,,19.43,0,📊 市場狀態: 無信號,26.965,22.396,-0.027,-0.363,1,1,4.569,0.2803,0,0
2026-05-04 20:37:02,0,,,,18.97,0,📊 市場狀態: 無信號,27.38,22.572,0.333,-0.529,1,0,4.808,0.2526,0,0
2026-05-04 20:38:26,78924.0,,,,19.49,0,📊 市場狀態: 無信號,26.514,21.685,-0.477,-1.074,1,0,4.829,0.28,0,0
2026-05-04 22:20:17,79043.0,,,,15.55,0,📊 市場狀態: 無信號,22.77,26.571,-0.494,0.259,1,1,-3.801,0.3389,1,0
2026-05-04 22:21:25,79026.0,,,,15.45,0,📊 市場狀態: 無信號,22.201,27.847,-0.799,1.18,0,1,-5.646,0.3553,1,0
2026-05-04 22:22:42,79129.0,,,,15.75,0,📊 市場狀態: 無信號,21.627,29.62,-1.373,2.953,0,1,-7.994,0.3993,1,0
2026-05-04 22:23:50,79188.0,,,,15.82,0,📊 市場狀態: 無信號,21.488,30.08,-1.511,3.413,0,1,-8.591,0.4075,1,0
2026-05-04 22:24:57,79237.0,,,,15.99,0,📊 市場狀態: 無信號,21.185,31.103,-1.815,4.436,0,1,-9.918,0.4321,1,0
2026-05-04 22:26:05,79250.0,,,,16.41,0,📊 市場狀態: 無信號,20.514,31.366,-0.551,-0.146,0,1,-10.851,0.4203,1,0
2026-05-04 22:27:12,79312.0,,,,16.82,0,📊 市場狀態: 無信號,19.711,33.954,-1.354,2.442,0,1,-14.243,0.4849,1,0
2026-05-04 22:28:20,79294.0,,,,16.82,0,📊 市場狀態: 無信號,19.698,33.996,-1.368,2.484,0,1,-14.298,0.4851,1,0
2026-05-04 22:29:28,79271.0,,,,16.83,0,📊 市場狀態: 無信號,19.684,33.992,-1.381,2.48,0,1,-14.308,0.483,1,0
2026-05-04 22:30:36,79235.0,,,,17.44,0,📊 市場狀態: 無信號,19.514,32.701,0.096,-0.822,1,0,-13.187,0.4588,1,0
2026-05-04 22:31:43,79285.0,,,,17.44,0,📊 市場狀態: 無信號,19.278,32.296,-0.14,-1.227,1,0,-13.018,0.4573,1,0
2026-05-04 22:32:51,79267.0,,,,17.44,0,📊 市場狀態: 無信號,19.119,31.996,-0.299,-1.527,1,0,-12.877,0.4555,1,0
2026-05-04 22:33:58,79288.0,,,,17.44,0,📊 市場狀態: 無信號,18.883,31.577,-0.535,-1.946,0,0,-12.694,0.4542,1,0
2026-05-04 22:35:07,79238.0,,,,17.6,0,📊 市場狀態: 無信號,18.786,31.428,-0.496,-1.664,1,0,-12.643,0.4645,1,0
2026-05-04 22:36:15,79384.0,,,,18.32,0,📊 市場狀態: 無信號,17.64,32.471,-1.163,1.005,0,1,-14.831,0.5037,1,0
2026-05-04 22:37:31,79410.0,,,,18.46,0,📊 市場狀態: 無信號,17.402,33.398,-1.401,1.933,0,1,-15.996,0.5242,1,0
2026-05-04 22:38:39,79439.0,,,,18.5,0,📊 市場狀態: 無信號,17.33,33.701,-1.473,2.236,0,1,-16.371,0.5303,1,0
2026-05-04 22:39:46,79423.0,,,,18.78,0,📊 市場狀態: 無信號,16.803,35.649,-2.001,4.183,0,1,-18.846,0.5654,1,0
2026-05-04 22:41:07,79442.0,,,,20.03,0,📊 市場狀態: 無信號,16.314,34.672,-0.489,-0.977,1,0,-18.358,0.5709,1,0
2026-05-04 22:42:14,79521.0,,,,20.12,0,📊 市場狀態: 無信號,15.837,34.839,-0.965,-0.809,0,0,-19.002,0.5765,1,0
2026-05-04 22:43:22,79489.0,,,,20.12,0,📊 市場狀態: 無信號,15.788,34.721,-1.015,-0.927,0,0,-18.934,0.5726,1,0
2026-05-04 22:44:29,79525.0,,,,20.12,0,📊 市場狀態: 無信號,15.788,34.721,-1.015,-0.927,0,0,-18.934,0.5732,1,0
2026-05-04 22:45:36,79552.0,,,,21.31,0,📊 市場狀態: 無信號,15.426,33.968,-0.457,-0.865,1,0,-18.541,0.5743,1,0
2026-05-04 22:46:43,79624.0,,,,21.45,0,📊 市場狀態: 無信號,14.945,33.741,-0.798,-0.874,0,0,-18.796,0.576,1,0
2026-05-04 22:47:51,79682.0,,,,21.46,0,📊 市場狀態: 無信號,14.914,33.841,-0.829,-0.774,0,0,-18.928,0.5814,1,0
2026-05-04 22:48:59,80026.0,,,,22.43,0,📊 市場狀態: 無信號,12.976,41.396,-2.766,6.78,0,1,-28.419,0.6133,1,0
2026-05-04 22:50:16,80071.0,,,,24.63,0,📊 市場狀態: 無信號,12.585,40.699,-0.308,-1.008,1,0,-28.114,0.631,1,0
2026-05-04 22:51:23,80283.0,,,,24.89,0,📊 市場狀態: 無信號,11.624,41.613,-1.268,-0.093,0,1,-29.989,0.646,1,0
2026-05-04 22:52:30,80330.0,,,,24.94,0,📊 市場狀態: 無信號 ⚠️ 高波動期,11.487,42.163,-1.406,0.457,0,1,-30.676,0.6474,1,0
2026-05-04 22:53:37,80443.0,,,,25.02,0,📊 市場狀態: 無信號 ⚠️ 高波動期,11.312,42.927,-1.581,1.221,0,1,-31.615,0.6519,1,0
2026-05-04 22:54:44,80397.0,,,,25.03,0,📊 市場狀態: 無信號 ⚠️ 高波動期,11.285,43.047,-1.607,1.341,0,1,-31.762,0.6514,1,0
2026-05-04 22:55:52,80391.0,,,,27.52,0,📊 市場狀態: 無信號,10.804,42.982,-0.475,-0.091,1,1,-32.179,0.6829,1,0
2026-05-04 22:56:59,80184.0,,,,27.45,0,📊 市場狀態: 無信號 ⚠️ 高波動期,10.434,40.485,-0.845,-2.589,0,0,-30.051,0.6704,1,0
2026-05-04 22:58:07,80177.0,,,,27.32,0,📊 市場狀態: 無信號 ⚠️ 高波動期,10.763,39.472,-0.515,-3.602,0,0,-28.709,0.6622,1,0
2026-05-04 22:59:14,80244.0,,,,27.32,0,📊 市場狀態: 無信號 ⚠️ 高波動期,10.763,39.472,-0.515,-3.602,0,0,-28.709,0.6634,1,0
2026-05-04 23:00:22,80180.0,,,,29.35,0,📊 市場狀態: 無信號,10.888,38.58,0.104,-0.775,1,0,-27.692,0.6804,1,0
2026-05-04 23:01:30,80240.0,,,,29.2,0,📊 市場狀態: 無信號 ⚠️ 高波動期,11.326,37.789,0.542,-1.567,1,0,-26.462,0.6803,1,0
2026-05-04 23:02:37,80316.0,,,,29.2,0,📊 市場狀態: 無信號 ⚠️ 高波動期,11.206,37.353,0.421,-2.003,1,0,-26.147,0.6811,1,0
2026-05-04 23:03:45,80229.0,,,,29.18,0,📊 市場狀態: 無信號 ⚠️ 高波動期,11.279,37.316,0.495,-2.04,1,0,-26.037,0.6772,1,0
2026-05-04 23:05:01,80085.0,,,,28.94,0,📊 市場狀態: 無信號 ⚠️ 高波動期,12.261,36.811,1.477,-2.545,1,0,-24.549,0.6779,1,0
2026-05-04 23:06:08,80145.0,,,,30.19,0,📊 市場狀態: 無信號,12.877,35.449,0.472,-1.295,1,0,-22.573,0.7155,1,0
2026-05-04 23:07:15,80135.0,,,,30.13,0,📊 市場狀態: 無信號,13.104,35.237,0.699,-1.507,1,0,-22.134,0.7155,1,0
2026-05-04 23:08:23,80062.0,,,,30.12,0,📊 市場狀態: 無信號 ⚠️ 高波動期,13.12,35.097,0.715,-1.647,1,0,-21.977,0.7144,1,0
2026-05-04 23:09:30,80135.0,,,,29.97,0,📊 市場狀態: 無信號 ⚠️ 高波動期,13.871,34.813,1.466,-1.931,1,0,-20.943,0.717,1,0
2026-05-04 23:10:38,79968.0,,,,30.73,0,📊 市場狀態: 無信號,14.064,33.473,0.05,-1.029,1,0,-19.409,0.7325,1,0
2026-05-04 23:11:45,79898.0,,,,30.39,0,📊 市場狀態: 無信號,15.488,32.657,1.474,-1.844,1,0,-17.169,0.699,1,0
2026-05-04 23:12:52,80001.0,,,,30.4,0,📊 市場狀態: 無信號 ⚠️ 高波動期,16.13,32.415,2.116,-2.087,1,0,-16.285,0.6873,1,0
2026-05-04 23:13:59,79963.0,,,,30.37,0,📊 市場狀態: 無信號 ⚠️ 高波動期,16.255,32.367,2.241,-2.134,1,0,-16.113,0.687,1,0
2026-05-04 23:15:07,80078.0,,,,30.41,0,📊 市場狀態: 無信號,16.276,32.225,1.339,-1.371,1,0,-15.949,0.6941,0,0
2026-05-04 23:20:19,0,,,,26.29,0,📊 市場狀態: 無信號 ⚠️ 高波動期,25.85,24.727,0.95,-0.758,1,0,1.123,0.4386,0,0
2026-05-04 23:21:27,79540.0,,,,27.25,0,📊 市場狀態: 無信號 ⚠️ 高波動期,27.232,23.729,2.659,-2.395,1,0,3.502,0.4511,0,0
2026-05-04 23:22:44,79619.0,,,,27.39,0,📊 市場狀態: 無信號 ⚠️ 高波動期,27.995,23.483,3.422,-2.641,1,0,4.511,0.4584,0,0
2026-05-04 23:23:51,79557.0,,,,27.39,0,📊 市場狀態: 無信號 ⚠️ 高波動期,27.995,23.483,3.422,-2.641,1,0,4.511,0.4589,0,0
2026-05-04 23:24:58,79586.0,,,,27.39,0,📊 市場狀態: 無信號 ⚠️ 高波動期,27.961,23.46,3.388,-2.664,1,0,4.5,0.4583,0,0
2026-05-04 23:26:07,79617.0,,,,26.06,0,📊 市場狀態: 無信號 ⚠️ 高波動期,26.868,22.716,-1.093,-0.745,0,0,4.152,0.4601,0,0
2026-05-04 23:28:01,0,,,,25.28,0,📊 市場狀態: 無信號 ⚠️ 高波動期,26.294,22.654,-1.882,-0.266,0,1,3.64,0.4314,0,0
2026-05-04 23:29:08,79689.0,,,,25.94,0,📊 市場狀態: 無信號 ⚠️ 高波動期,26.065,23.35,-1.896,-0.11,0,1,2.714,0.4509,0,0
2026-05-04 23:30:16,79703.0,,,,24.77,0,📊 市場狀態: 無信號,25.826,23.132,-0.453,-0.408,1,1,2.694,0.4584,0,0
2026-05-04 23:31:23,79596.0,,,,24.65,0,📊 市場狀態: 無信號 ⚠️ 高波動期,25.439,22.427,-0.626,-0.924,0,0,3.012,0.4357,0,0
2026-05-04 23:32:31,79470.0,,,,24.79,0,📊 市場狀態: 無信號 ⚠️ 高波動期,26.066,21.864,0.001,-1.486,1,0,4.201,0.4361,0,0
2026-05-04 23:33:38,79525.0,,,,24.87,0,📊 市場狀態: 無信號 ⚠️ 高波動期,26.539,21.654,0.475,-1.696,1,0,4.885,0.4339,0,0
2026-05-04 23:34:46,79680.0,,,,24.87,0,📊 市場狀態: 無信號 ⚠️ 高波動期,26.529,21.646,0.465,-1.705,1,0,4.884,0.4329,0,0
2026-05-04 23:35:54,79569.0,,,,23.91,0,📊 市場狀態: 無信號,25.698,20.686,-0.832,-0.96,0,0,5.012,0.4576,0,0
2026-05-04 23:37:01,79560.0,,,,23.93,0,📊 市場狀態: 無信號,25.761,20.608,-0.769,-1.038,0,0,5.153,0.4537,0,0
2026-05-04 23:38:09,79586.0,,,,23.93,0,📊 市場狀態: 無信號,25.761,20.608,-0.769,-1.038,0,0,5.153,0.4533,0,0
2026-05-04 23:39:17,79720.0,,,,23.93,0,📊 市場狀態: 無信號 ⚠️ 高波動期,25.468,20.361,-1.061,-1.285,0,0,5.107,0.4529,0,0
2026-05-04 23:40:25,79662.0,,,,23.15,0,📊 市場狀態: 無信號,25.248,20.184,-0.351,-0.281,1,1,5.064,0.471,0,0
2026-05-04 23:41:42,79702.0,,,,23.0,0,📊 市場狀態: 無信號,24.506,19.816,-0.937,-0.523,0,0,4.69,0.4485,0,0
2026-05-04 23:42:51,79770.0,,,,22.93,0,📊 市場狀態: 無信號,24.242,20.278,-1.201,-0.061,0,1,3.964,0.4552,0,0
2026-05-04 23:43:58,79743.0,,,,22.92,0,📊 市場狀態: 無信號,24.213,20.311,-1.23,-0.029,0,1,3.902,0.4544,0,0
2026-05-04 23:45:06,79859.0,,,,22.68,0,📊 市場狀態: 無信號,23.855,21.193,-1.02,0.964,0,1,2.662,0.422,0,0
2026-05-04 23:46:14,79762.0,,,,21.82,0,📊 市場狀態: 無信號,23.116,20.806,-0.828,-0.465,0,1,2.31,0.3764,0,0
2026-05-04 23:47:23,79801.0,,,,21.82,0,📊 市場狀態: 無信號,23.113,20.802,-0.832,-0.468,0,1,2.31,0.3758,0,0
2026-05-04 23:48:30,79765.0,,,,21.83,0,📊 市場狀態: 無信號,22.93,20.59,-1.014,-0.681,0,0,2.34,0.376,0,0
2026-05-04 23:49:38,79740.0,,,,21.84,0,📊 市場狀態: 無信號,22.9,20.504,-1.044,-0.767,0,0,2.396,0.3777,0,0
2026-05-05 00:01:24,0,,,,20.38,0,📊 市場狀態: 無信號,25.209,19.087,-0.599,-0.454,0,1,6.121,0.4134,0,0
2026-05-05 00:02:32,79932.0,,,,20.5,0,📊 市場狀態: 無信號,24.617,19.876,-0.743,-0.608,0,0,4.741,0.4269,0,0
2026-05-05 00:03:49,79955.0,,,,20.5,0,📊 市場狀態: 無信號,24.599,19.86,-0.762,-0.624,0,0,4.738,0.4267,0,0
2026-05-05 00:04:56,79992.0,,,,20.46,0,📊 市場狀態: 無信號,24.484,19.953,-0.876,-0.532,0,0,4.531,0.4258,0,0
2026-05-05 00:06:04,79896.0,,,,19.92,0,📊 市場狀態: 無信號,24.514,19.456,0.083,-0.664,1,0,5.058,0.3831,0,0
2026-05-05 00:07:11,79914.0,,,,19.92,0,📊 市場狀態: 無信號,24.514,19.456,0.083,-0.664,1,0,5.058,0.3827,0,0
2026-05-05 00:08:19,79750.0,,,,20.72,0,📊 市場狀態: 無信號,29.741,17.98,5.311,-2.139,1,0,11.761,0.3777,0,0
2026-05-05 00:09:26,79711.0,,,,20.72,0,📊 市場狀態: 無信號,29.741,17.98,5.311,-2.139,1,0,11.761,0.3777,0,0
2026-05-05 00:10:34,79690.0,,,,20.99,0,📊 市場狀態: 無信號,29.159,17.627,-0.582,-0.353,0,1,11.532,0.412,0,0
2026-05-05 00:11:41,79710.0,,,,21.01,0,📊 市場狀態: 無信號,29.16,17.529,-0.582,-0.451,0,1,11.63,0.4119,0,0
2026-05-05 00:12:50,79731.0,,,,21.02,0,📊 市場狀態: 無信號,29.09,17.449,-0.651,-0.531,0,0,11.641,0.4116,0,0
2026-05-05 00:13:58,79676.0,,,,21.01,0,📊 市場狀態: 無信號,29.09,17.498,-0.651,-0.482,0,1,11.592,0.4099,0,0
2026-05-05 00:15:06,79678.0,,,,21.13,0,📊 市場狀態: 無信號,29.092,17.455,-0.559,-0.482,0,1,11.637,0.4067,0,0
2026-05-05 00:16:14,79655.0,,,,21.33,0,📊 市場狀態: 無信號,29.036,17.233,-0.082,-0.234,1,1,11.803,0.4132,0,0
2026-05-05 00:17:21,79732.0,,,,21.44,0,📊 市場狀態: 無信號,29.424,16.925,0.307,-0.542,1,0,12.499,0.4,0,0
2026-05-05 00:18:38,79876.0,,,,20.89,0,📊 市場狀態: 無信號,27.67,18.735,-1.448,1.268,0,1,8.934,0.3589,0,0
2026-05-05 00:19:46,80022.0,,,,20.27,0,📊 市場狀態: 無信號,25.895,22.031,-3.223,4.564,0,1,3.863,0.3681,0,0
2026-05-05 00:20:53,80199.0,,,,19.03,0,📊 市場狀態: 無信號,23.728,26.564,-1.203,1.692,0,1,-2.836,0.4349,0,0
2026-05-05 00:22:01,80248.0,,,,19.05,0,📊 市場狀態: 無信號,23.657,26.777,-1.273,1.905,0,1,-3.12,0.4381,0,0
2026-05-05 00:23:08,80303.0,,,,19.1,0,📊 市場狀態: 無信號,23.452,27.356,-1.478,2.484,0,1,-3.904,0.4368,1,0
2026-05-05 00:24:15,80240.0,,,,19.23,0,📊 市場狀態: 無信號,23.174,28.184,-1.756,3.311,0,1,-5.009,0.4543,0,0
2026-05-05 00:25:22,80289.0,,,,18.98,0,📊 市場狀態: 無信號,22.908,27.831,-0.913,0.967,0,1,-4.923,0.4743,1,0
2026-05-05 00:26:31,80240.0,,,,18.55,0,📊 市場狀態: 無信號,22.632,27.523,-0.542,-0.661,0,0,-4.891,0.4646,1,0
2026-05-05 00:27:38,80160.0,,,,18.44,0,📊 市場狀態: 無信號,22.893,26.905,-0.282,-1.279,1,0,-4.012,0.4521,1,0
2026-05-05 00:28:45,80155.0,,,,18.42,0,📊 市場狀態: 無信號,22.872,26.766,-0.302,-1.418,1,0,-3.894,0.4482,1,0
2026-05-05 00:29:53,80202.0,,,,18.42,0,📊 市場狀態: 無信號,22.866,26.759,-0.308,-1.424,1,0,-3.893,0.4484,1,0
2026-05-05 00:31:01,80192.0,,,,17.61,0,📊 市場狀態: 無信號,23.055,26.204,0.189,-0.556,1,0,-3.149,0.4121,1,0
2026-05-05 00:32:08,80200.0,,,,17.62,0,📊 市場狀態: 無信號,22.957,26.026,0.091,-0.734,1,0,-3.068,0.4106,1,0
2026-05-05 00:33:25,80175.0,,,,17.61,0,📊 市場狀態: 無信號,23.038,25.95,0.172,-0.809,1,0,-2.912,0.4073,1,0
2026-05-05 00:34:33,80196.0,,,,17.61,0,📊 市場狀態: 無信號,23.013,25.914,0.147,-0.845,1,0,-2.901,0.4073,1,0
2026-05-05 00:35:40,80227.0,,,,16.89,0,📊 市場狀態: 無信號,22.553,26.081,-0.418,0.213,1,1,-3.527,0.3837,1,0
2026-05-05 00:36:48,80299.0,,,,16.99,0,📊 市場狀態: 無信號,22.318,26.606,-0.654,0.739,0,1,-4.288,0.4023,1,0
2026-05-05 00:37:56,80266.0,,,,17.02,0,📊 市場狀態: 無信號,22.217,26.884,-0.755,1.017,0,1,-4.667,0.4096,1,0
2026-05-05 00:39:04,80224.0,,,,17.04,0,📊 市場狀態: 無信號,22.164,26.918,-0.807,1.05,0,1,-4.753,0.4121,1,0
2026-05-05 00:40:11,80241.0,,,,16.75,0,📊 市場狀態: 無信號,22.09,26.83,-0.421,0.72,1,1,-4.74,0.4164,1,0
2026-05-05 00:41:19,80270.0,,,,16.48,0,📊 市場狀態: 無信號,21.939,26.507,-0.191,-0.369,1,1,-4.568,0.3924,1,0
2026-05-05 00:42:26,80225.0,,,,16.48,0,📊 市場狀態: 無信號,21.865,26.41,-0.265,-0.466,1,1,-4.545,0.3919,1,0
2026-05-05 00:43:34,80245.0,,,,16.49,0,📊 市場狀態: 無信號,21.776,26.329,-0.353,-0.547,1,0,-4.553,0.3926,1,0
2026-05-05 00:44:41,80317.0,,,,16.64,0,📊 市場狀態: 無信號,21.323,26.908,-0.806,0.032,0,1,-5.585,0.4062,1,0
2026-05-05 00:45:49,80230.0,,,,16.23,0,📊 市場狀態: 無信號,21.41,26.498,-0.043,-0.374,1,1,-5.087,0.3901,1,0
2026-05-05 00:46:57,80235.0,,,,16.21,0,📊 市場狀態: 無信號,21.312,26.367,-0.001,-0.573,1,0,-5.056,0.387,1,0
2026-05-05 00:48:14,80251.0,,,,16.2,0,📊 市場狀態: 無信號,21.312,26.295,-0.001,-0.645,1,0,-4.983,0.385,1,0
2026-05-05 00:49:22,80177.0,,,,16.18,0,📊 市場狀態: 無信號,21.347,26.14,0.035,-0.8,1,0,-4.792,0.379,1,0
2026-05-05 00:50:29,80187.0,,,,15.59,0,📊 市場狀態: 無信號,21.679,25.644,0.191,-0.35,1,1,-3.965,0.3594,0,0
2026-05-05 00:51:37,80093.0,,,,15.38,0,📊 市場狀態: 無信號,22.733,25.257,1.245,-0.737,1,0,-2.523,0.3362,0,0
2026-05-05 00:52:44,80147.0,,,,15.4,0,📊 市場狀態: 無信號,22.734,25.12,1.246,-0.874,1,0,-2.385,0.3345,0,0
2026-05-05 00:53:52,80084.0,,,,15.4,0,📊 市場狀態: 無信號,22.738,25.021,1.25,-0.973,1,0,-2.283,0.3313,0,0
2026-05-05 00:54:59,80037.0,,,,15.41,0,📊 市場狀態: 無信號,23.026,24.923,1.538,-1.071,1,0,-1.897,0.3178,0,0
2026-05-05 00:56:07,80016.0,,,,14.7,0,📊 市場狀態: 無信號,23.03,24.671,0.004,-0.252,1,1,-1.641,0.3089,0,0
2026-05-05 00:57:14,79984.0,,,,14.69,0,📊 市場狀態: 無信號,23.796,24.284,0.769,-0.639,1,0,-0.488,0.2875,0,0
2026-05-05 00:58:22,79944.0,,,,14.67,0,📊 市場狀態: 無信號,24.58,24.03,1.554,-0.893,1,0,0.55,0.2813,0,0
2026-05-05 00:59:28,79984.0,,,,14.63,0,📊 市場狀態: 無信號,24.881,23.922,1.854,-1.001,1,0,0.959,0.2821,0,0
2026-05-05 01:00:37,79982.0,,,,13.94,0,📊 市場狀態: 無信號,24.523,23.693,-0.329,-0.247,1,1,0.831,0.3031,0,0
2026-05-05 01:01:46,80037.0,,,,13.91,0,📊 市場狀態: 無信號,23.961,24.049,-0.891,0.11,0,1,-0.088,0.2882,0,0
2026-05-05 01:03:03,80132.0,,,,14.11,0,📊 市場狀態: 無信號,23.255,26.083,-1.597,2.143,0,1,-2.827,0.3237,0,0
2026-05-05 01:04:11,80180.0,,,,14.32,0,📊 市場狀態: 無信號,22.702,27.785,-2.151,3.845,0,1,-5.083,0.3666,0,0
2026-05-05 01:05:18,80167.0,,,,14.11,0,📊 市場狀態: 無信號,22.463,27.516,-0.806,0.809,0,1,-5.053,0.3919,0,0
2026-05-05 01:06:26,80195.0,,,,14.04,0,📊 市場狀態: 無信號,22.257,27.315,-0.442,-0.477,1,1,-5.057,0.3838,0,0
2026-05-05 01:07:34,80200.0,,,,14.05,0,📊 市場狀態: 無信號,22.159,27.276,-0.54,-0.516,0,0,-5.116,0.3846,0,0
2026-05-05 01:08:42,80250.0,,,,14.09,0,📊 市場狀態: 無信號,22.034,27.438,-0.666,-0.354,0,1,-5.405,0.3914,0,0
2026-05-05 01:09:50,80291.0,,,,14.13,0,📊 市場狀態: 無信號,21.949,27.712,-0.751,-0.08,0,1,-5.763,0.3991,0,0
2026-05-05 01:10:58,80374.0,,,,14.37,0,📊 市場狀態: 無信號,21.098,30.014,-0.851,2.302,0,1,-8.916,0.4674,0,0
2026-05-05 01:12:05,80339.0,,,,14.45,0,📊 市場狀態: 無信號,20.944,30.465,-1.005,2.754,0,1,-9.521,0.475,0,0
2026-05-05 01:13:13,80292.0,,,,14.45,0,📊 市場狀態: 無信號,20.791,30.231,-1.158,2.519,0,1,-9.44,0.4718,0,0
2026-05-05 01:14:22,80350.0,,,,14.45,0,📊 市場狀態: 無信號,20.791,30.231,-1.158,2.519,0,1,-9.44,0.4736,0,0
2026-05-05 01:15:39,80330.0,,,,14.75,0,📊 市場狀態: 無信號,20.572,29.973,-0.219,-0.259,1,1,-9.401,0.4787,0,0
2026-05-05 01:16:46,80337.0,,,,14.75,0,📊 市場狀態: 無信號,20.532,29.915,-0.259,-0.316,1,1,-9.383,0.4783,0,0
2026-05-05 01:17:54,80387.0,,,,14.81,0,📊 市場狀態: 無信號,19.891,29.524,-0.9,-0.707,0,0,-9.633,0.4834,0,0
2026-05-05 01:19:02,80402.0,,,,14.98,0,📊 市場狀態: 無信號,19.489,30.317,-1.302,0.086,0,1,-10.829,0.5046,0,0
2026-05-05 01:20:09,80383.0,,,,15.35,0,📊 市場狀態: 無信號,19.447,30.32,-0.537,0.244,0,1,-10.873,0.5118,1,0
2026-05-05 01:21:17,80386.0,,,,15.48,0,📊 市場狀態: 無信號,19.107,29.792,-0.365,-0.571,1,0,-10.684,0.5104,1,0
2026-05-05 01:22:25,80438.0,,,,15.51,0,📊 市場狀態: 無信號,18.97,29.805,-0.503,-0.557,0,0,-10.835,0.5113,1,0
2026-05-05 01:23:34,80425.0,,,,15.51,0,📊 市場狀態: 無信號,18.944,29.78,-0.528,-0.583,0,0,-10.836,0.5103,1,0
2026-05-05 01:24:41,80450.0,,,,15.53,0,📊 市場狀態: 無信號,18.886,29.902,-0.586,-0.461,0,1,-11.016,0.5141,1,0
2026-05-05 01:25:48,80460.0,,,,16.07,0,📊 市場狀態: 無信號,18.72,29.877,-0.16,-0.046,1,1,-11.157,0.5139,1,0
2026-05-05 01:26:55,80396.0,,,,16.01,0,📊 市場狀態: 無信號,18.713,29.323,-0.167,-0.6,1,0,-10.61,0.4974,1,0
2026-05-05 01:28:03,80429.0,,,,16.0,0,📊 市場狀態: 無信號,18.686,29.13,-0.194,-0.793,1,0,-10.444,0.4948,1,0
2026-05-05 01:29:11,80387.0,,,,16.0,0,📊 市場狀態: 無信號,18.686,29.13,-0.194,-0.793,1,0,-10.444,0.4944,1,0
2026-05-05 01:30:28,80334.0,,,,16.32,0,📊 市場狀態: 無信號,18.88,28.41,0.202,-0.753,1,0,-9.529,0.4716,1,0
2026-05-05 01:31:35,80399.0,,,,16.29,0,📊 市場狀態: 無信號,18.967,28.346,0.289,-0.816,1,0,-9.379,0.4695,1,0
2026-05-05 01:32:42,80357.0,,,,16.19,0,📊 市場狀態: 無信號,19.425,28.136,0.747,-1.027,1,0,-8.71,0.4542,1,0
2026-05-05 01:33:50,80337.0,,,,16.11,0,📊 市場狀態: 無信號,19.832,27.998,1.154,-1.164,1,0,-8.166,0.4418,1,0
2026-05-05 01:34:57,80274.0,,,,15.89,0,📊 市場狀態: 無信號,20.857,27.579,2.179,-1.584,1,0,-6.721,0.4157,1,0
2026-05-05 01:36:05,80284.0,,,,15.54,0,📊 市場狀態: 無信號,21.841,26.828,0.79,-0.684,1,0,-4.987,0.3903,0,0
2026-05-05 01:37:12,80322.0,,,,15.54,0,📊 市場狀態: 無信號,21.743,26.703,0.692,-0.81,1,0,-4.96,0.3902,0,0
2026-05-05 01:38:19,80296.0,,,,15.53,0,📊 市場狀態: 無信號,21.755,26.658,0.703,-0.854,1,0,-4.904,0.3884,0,0
2026-05-05 01:39:25,80297.0,,,,15.53,0,📊 市場狀態: 無信號,21.486,26.348,0.435,-1.164,1,0,-4.862,0.389,0,0
2026-05-05 01:40:33,80260.0,,,,15.3,0,📊 市場狀態: 無信號,21.275,26.113,-0.224,-0.402,1,1,-4.839,0.3746,0,0
2026-05-05 01:41:40,80241.0,,,,15.24,0,📊 市場狀態: 無信號,21.072,25.863,-0.345,-0.397,1,1,-4.791,0.3872,0,0
2026-05-05 01:42:47,80211.0,,,,15.22,0,📊 市場狀態: 無信號,21.097,25.736,-0.32,-0.524,1,0,-4.64,0.3851,0,0
2026-05-05 01:43:55,80277.0,,,,15.39,0,📊 市場狀態: 無信號,20.836,26.592,-0.581,0.332,0,1,-5.757,0.4058,0,0
2026-05-05 01:45:11,80210.0,,,,15.29,0,📊 市場狀態: 無信號,20.76,26.49,-0.236,-0.262,1,1,-5.729,0.402,0,0
2026-05-05 01:46:19,80249.0,,,,15.31,0,📊 市場狀態: 無信號,20.61,26.223,-0.316,-0.454,1,1,-5.613,0.401,0,0
2026-05-05 01:47:27,80269.0,,,,15.33,0,📊 市場狀態: 無信號,20.453,26.109,-0.473,-0.569,1,0,-5.656,0.4033,0,0
2026-05-05 01:48:34,80280.0,,,,15.26,0,📊 市場狀態: 無信號,20.291,26.009,-0.544,-0.583,0,0,-5.718,0.4037,0,0
2026-05-05 01:49:43,80347.0,,,,15.65,0,📊 市場狀態: 無信號,19.456,28.317,-1.38,1.725,0,1,-8.862,0.4475,0,0
2026-05-05 01:50:51,80417.0,,,,16.23,0,📊 市場狀態: 無信號,18.851,29.468,-0.422,0.534,1,1,-10.617,0.4567,0,0
2026-05-05 01:51:58,80547.0,,,,16.98,0,📊 市場狀態: 無信號,17.485,34.409,-1.788,5.474,0,1,-16.924,0.5627,0,0
2026-05-05 01:53:06,80544.0,,,,16.98,0,📊 市場狀態: 無信號,17.485,34.409,-1.788,5.474,0,1,-16.924,0.5596,0,0
2026-05-05 01:54:13,80645.0,,,,17.17,0,📊 市場狀態: 無信號,17.102,35.815,-2.171,6.881,0,1,-18.713,0.5818,0,0
2026-05-05 01:55:20,80480.0,,,,18.37,0,📊 市場狀態: 無信號,16.782,35.117,-0.691,0.222,0,1,-18.335,0.5676,0,0
2026-05-05 01:56:28,80415.0,,,,18.49,0,📊 市場狀態: 無信號,16.579,34.686,-0.523,-1.129,0,0,-18.107,0.5633,0,0
2026-05-05 01:57:36,80455.0,,,,18.49,0,📊 市場狀態: 無信號,16.431,34.402,-0.671,-1.413,0,0,-17.971,0.5633,0,0
2026-05-05 01:58:44,80444.0,,,,18.49,0,📊 市場狀態: 無信號,16.414,34.374,-0.688,-1.441,0,0,-17.96,0.5624,0,0
2026-05-05 02:00:02,80341.0,,,,18.43,0,📊 市場狀態: 無信號,16.623,34.117,-0.479,-1.698,1,0,-17.494,0.5546,0,0
2026-05-05 02:01:10,80264.0,,,,19.26,0,📊 市場狀態: 無信號,17.671,32.889,0.949,-1.135,1,0,-15.218,0.5353,0,0
2026-05-05 02:02:17,80292.0,,,,18.96,0,📊 市場狀態: 無信號,19.043,32.304,2.32,-1.719,1,0,-13.262,0.5089,0,0
2026-05-05 02:03:24,80380.0,,,,18.96,0,📊 市場狀態: 無信號,18.835,32.001,2.112,-2.022,1,0,-13.167,0.5104,1,0
2026-05-05 02:04:32,80347.0,,,,18.96,0,📊 市場狀態: 無信號,18.777,31.911,2.054,-2.112,1,0,-13.135,0.5103,1,0
2026-05-05 02:05:40,80354.0,,,,19.48,0,📊 市場狀態: 無信號,18.433,31.319,-0.246,-0.429,1,1,-12.886,0.5143,1,0
2026-05-05 02:06:47,80350.0,,,,19.49,0,📊 市場狀態: 無信號,18.205,30.961,-0.474,-0.788,1,0,-12.756,0.5116,1,0
2026-05-05 02:07:55,80317.0,,,,19.49,0,📊 市場狀態: 無信號,18.146,30.867,-0.533,-0.881,0,0,-12.721,0.5106,1,0
2026-05-05 02:09:02,80311.0,,,,19.5,0,📊 市場狀態: 無信號,17.886,30.624,-0.792,-1.124,0,0,-12.738,0.5087,1,0
2026-05-05 02:10:09,80346.0,,,,19.74,0,📊 市場狀態: 無信號,17.859,30.643,-0.511,-0.568,0,0,-12.784,0.5219,1,0
2026-05-05 02:11:17,80355.0,,,,20.07,0,📊 市場狀態: 無信號,17.562,30.681,-0.324,0.056,1,1,-13.119,0.5167,1,0
2026-05-05 02:12:24,80372.0,,,,20.1,0,📊 市場狀態: 無信號,17.503,30.774,-0.383,0.149,1,1,-13.271,0.519,1,0
2026-05-05 02:13:31,80389.0,,,,20.18,0,📊 市場狀態: 無信號,17.349,31.32,-0.538,0.696,0,1,-13.971,0.5247,1,0
2026-05-05 02:14:48,80323.0,,,,20.18,0,📊 市場狀態: 無信號,17.215,31.066,-0.672,0.442,0,1,-13.852,0.5206,0,0
2026-05-05 02:15:56,80252.0,,,,20.09,0,📊 市場狀態: 無信號,20.226,29.471,3.041,-1.556,1,0,-9.245,0.4483,0,0
2026-05-05 02:17:02,80265.0,,,,20.08,0,📊 市場狀態: 無信號,20.299,29.444,3.113,-1.583,1,0,-9.145,0.4472,0,0
2026-05-05 02:18:10,80246.0,,,,20.03,0,📊 市場狀態: 無信號,20.501,29.371,3.315,-1.656,1,0,-8.87,0.4417,0,0
2026-05-05 02:19:18,80206.0,,,,19.84,0,📊 市場狀態: 無信號,21.375,29.051,4.189,-1.976,1,0,-7.676,0.4228,0,0
2026-05-05 02:20:25,80192.0,,,,19.41,0,📊 市場狀態: 無信號,22.081,28.655,1.036,-0.526,1,0,-6.575,0.4005,0,0
2026-05-05 02:21:32,80227.0,,,,19.33,0,📊 市場狀態: 無信號,21.931,28.445,0.356,-0.533,1,0,-6.514,0.3999,0,0
2026-05-05 02:22:40,80201.0,,,,19.23,0,📊 市場狀態: 無信號,22.379,28.224,0.805,-0.754,1,0,-5.845,0.3893,0,0
2026-05-05 02:23:47,80195.0,,,,19.21,0,📊 市場狀態: 無信號,22.463,28.159,0.888,-0.819,1,0,-5.696,0.3901,0,0
2026-05-05 02:24:55,80184.0,,,,19.02,0,📊 市場狀態: 無信號,23.902,27.616,2.327,-1.362,1,0,-3.714,0.3599,0,0
2026-05-05 02:26:02,80129.0,,,,18.1,0,📊 市場狀態: 無信號,26.294,26.52,2.379,-1.091,1,0,-0.226,0.3142,0,0
2026-05-05 02:27:10,80114.0,,,,18.08,0,📊 市場狀態: 無信號,26.947,26.29,3.032,-1.322,1,0,0.657,0.3098,0,0
2026-05-05 02:28:17,80126.0,,,,18.11,0,📊 市場狀態: 無信號,27.442,26.113,3.527,-1.499,1,0,1.329,0.3039,0,0
2026-05-05 02:29:34,80208.0,,,,18.11,0,📊 市場狀態: 無信號,27.291,25.954,3.376,-1.657,1,0,1.336,0.3025,0,0
2026-05-05 02:30:42,80192.0,,,,17.26,0,📊 市場狀態: 無信號,26.746,26.19,-0.457,0.322,1,1,0.555,0.293,0,0
2026-05-05 02:31:48,80192.0,,,,17.25,0,📊 市場狀態: 無信號,26.359,26.976,-0.843,1.108,0,1,-0.617,0.3032,0,0
2026-05-05 02:32:56,80198.0,,,,17.31,0,📊 市場狀態: 無信號,26.003,27.394,-1.199,1.526,0,1,-1.39,0.3148,0,0
2026-05-05 02:34:03,80219.0,,,,17.31,0,📊 市場狀態: 無信號,25.976,27.47,-1.226,1.602,0,1,-1.494,0.3169,0,0
2026-05-05 02:35:10,80257.0,,,,16.87,0,📊 市場狀態: 無信號,25.71,27.863,-0.68,0.899,0,1,-2.153,0.3219,0,0
2026-05-05 02:36:17,80212.0,,,,16.62,0,📊 市場狀態: 無信號,25.279,27.222,-0.519,-0.564,0,0,-1.944,0.3205,0,0
2026-05-05 02:37:25,80196.0,,,,16.67,0,📊 市場狀態: 無信號,25.544,27.085,-0.254,-0.701,1,0,-1.542,0.3182,0,0
2026-05-05 02:38:32,80166.0,,,,16.65,0,📊 市場狀態: 無信號,25.666,26.904,-0.131,-0.882,1,0,-1.238,0.3147,0,0
2026-05-05 02:39:40,80194.0,,,,16.66,0,📊 市場狀態: 無信號,25.693,26.86,-0.104,-0.926,1,0,-1.167,0.3142,0,0
2026-05-05 02:40:47,80211.0,,,,16.01,0,📊 市場狀態: 無信號,25.474,26.695,-0.203,-0.143,1,1,-1.221,0.3245,0,0
2026-05-05 02:41:55,80182.0,,,,16.03,0,📊 市場狀態: 無信號,25.16,26.645,-0.517,-0.193,0,1,-1.485,0.3281,0,0
2026-05-05 02:43:04,80172.0,,,,16.05,0,📊 市場狀態: 無信號,25.03,26.633,-0.647,-0.205,0,1,-1.604,0.3297,0,0
2026-05-05 02:44:20,80124.0,,,,15.92,0,📊 市場狀態: 無信號,25.827,26.015,0.151,-0.823,1,0,-0.187,0.2945,0,0
2026-05-05 02:45:29,80093.0,,,,15.28,0,📊 市場狀態: 無信號,26.885,25.257,0.659,-0.427,1,1,1.628,0.2783,0,0
2026-05-05 02:46:37,80093.0,,,,15.42,0,📊 市場狀態: 無信號,27.908,24.856,1.682,-0.828,1,0,3.052,0.2792,0,0
2026-05-05 02:47:46,80096.0,,,,15.42,0,📊 市場狀態: 無信號,27.915,24.844,1.689,-0.84,1,0,3.071,0.2789,0,0
2026-05-05 02:48:52,80088.0,,,,15.42,0,📊 市場狀態: 無信號,27.742,24.682,1.516,-1.002,1,0,3.061,0.2789,0,0
2026-05-05 02:50:00,80091.0,,,,15.43,0,📊 市場狀態: 無信號,27.599,24.486,1.373,-1.198,1,0,3.113,0.2797,0,0
2026-05-05 02:51:07,80061.0,,,,14.99,0,📊 市場狀態: 無信號,27.195,24.442,0.085,-0.252,1,1,2.752,0.2701,0,0
2026-05-05 02:52:15,80076.0,,,,14.96,0,📊 市場狀態: 無信號,26.869,24.128,-0.722,-0.35,0,1,2.741,0.2701,0,0
2026-05-05 02:53:23,80039.0,,,,15.11,0,📊 市場狀態: 無信號,27.034,23.271,-0.557,-1.208,0,0,3.764,0.2681,0,0
2026-05-05 02:54:30,79998.0,,,,15.25,0,📊 市場狀態: 無信號,27.742,22.95,0.151,-1.528,1,0,4.791,0.269,0,0
2026-05-05 02:55:37,79993.0,,,,15.18,0,📊 市場狀態: 無信號,27.733,22.692,-0.345,-0.359,1,1,5.041,0.2664,0,0
2026-05-05 02:56:45,80039.0,,,,15.15,0,📊 市場狀態: 無信號,27.416,22.421,-0.484,-0.453,1,1,4.996,0.2663,0,0
2026-05-05 02:57:52,80091.0,,,,15.15,0,📊 市場狀態: 無信號,27.002,22.103,-0.898,-0.771,0,0,4.9,0.2652,0,0
2026-05-05 02:59:09,80100.0,,,,15.17,0,📊 市場狀態: 無信號,26.445,22.02,-1.455,-0.853,0,0,4.425,0.264,0,0
2026-05-05 03:00:17,80057.0,,,,14.98,0,📊 市場狀態: 無信號,26.056,22.69,-0.319,0.629,1,1,3.366,0.2571,0,0
2026-05-05 03:01:25,80071.0,,,,14.99,0,📊 市場狀態: 無信號,25.866,22.636,-0.51,0.575,0,1,3.23,0.2574,0,0
2026-05-05 03:02:33,80045.0,,,,14.96,0,📊 市場狀態: 無信號,25.323,22.365,-1.053,0.304,0,1,2.958,0.2588,0,0
2026-05-05 03:03:40,80062.0,,,,15.07,0,📊 市場狀態: 無信號,25.39,21.717,-0.985,-0.344,0,1,3.673,0.2613,0,0
2026-05-05 03:04:47,80004.0,,,,15.07,0,📊 市場狀態: 無信號,25.357,21.685,-1.019,-0.376,0,1,3.672,0.2624,0,0
2026-05-05 03:05:54,79949.0,,,,15.52,0,📊 市場狀態: 無信號,29.231,20.22,3.89,-1.17,1,0,9.011,0.2724,0,0
2026-05-05 03:07:02,80071.0,,,,15.52,0,📊 市場狀態: 無信號,28.503,19.746,3.162,-1.644,1,0,8.757,0.2675,0,0
2026-05-05 03:08:09,80056.0,,,,15.52,0,📊 市場狀態: 無信號,28.304,19.622,2.964,-1.768,1,0,8.682,0.2683,0,0
2026-05-05 03:09:16,80062.0,,,,15.52,0,📊 市場狀態: 無信號,28.265,19.595,2.924,-1.795,1,0,8.67,0.2677,0,0
2026-05-05 03:10:23,79988.0,,,,15.89,0,📊 市場狀態: 無信號,27.605,19.155,-0.66,-0.44,0,1,8.45,0.2701,0,0
2026-05-05 03:11:31,80023.0,,,,15.89,0,📊 市場狀態: 無信號,27.509,19.095,-0.755,-0.5,0,1,8.414,0.2694,0,0
2026-05-05 03:12:39,80014.0,,,,15.89,0,📊 市場狀態: 無信號,27.487,19.075,-0.778,-0.521,0,0,8.413,0.2694,0,0
2026-05-05 03:13:56,80003.0,,,,15.89,0,📊 市場狀態: 無信號,27.332,18.973,-0.932,-0.622,0,0,8.359,0.2701,0,0
2026-05-05 03:15:04,80041.0,,,,15.89,0,📊 市場狀態: 無信號,27.283,18.918,-0.982,-0.677,0,0,8.365,0.2686,0,0
2026-05-05 03:16:11,80015.0,,,,16.21,0,📊 市場狀態: 無信號,26.843,19.191,-0.44,0.273,1,1,7.652,0.2697,0,0
2026-05-05 03:17:19,80004.0,,,,16.21,0,📊 市場狀態: 無信號,26.635,19.033,-0.648,0.115,0,1,7.602,0.2704,0,0
2026-05-05 03:18:25,79979.0,,,,16.44,0,📊 市場狀態: 無信號,27.505,18.293,0.222,-0.625,1,0,9.212,0.2661,0,0
2026-05-05 03:19:32,79922.0,,,,16.56,0,📊 市場狀態: 無信號,28.895,17.537,1.611,-1.381,1,0,11.358,0.2614,0,0
2026-05-05 03:20:40,79936.0,,,,17.1,0,📊 市場狀態: 無信號,28.638,17.373,-0.169,-0.402,1,1,11.265,0.2569,0,0
2026-05-05 03:21:47,79936.0,,,,17.18,0,📊 市場狀態: 無信號,28.499,17.332,-0.411,-0.2,1,1,11.167,0.2538,0,0
2026-05-05 03:22:54,79911.0,,,,17.17,0,📊 市場狀態: 無信號,28.38,17.286,-0.53,-0.246,0,1,11.094,0.2558,0,0
2026-05-05 03:24:02,79912.0,,,,17.26,0,📊 市場狀態: 無信號,28.821,17.059,-0.089,-0.473,1,1,11.762,0.2547,0,0
2026-05-05 03:25:08,79933.0,,,,17.55,0,📊 市場狀態: 無信號,28.813,16.986,-0.05,-0.367,1,1,11.827,0.2662,0,0
2026-05-05 03:26:16,79874.0,,,,18.18,0,📊 市場狀態: 無信號,30.505,16.296,1.614,-0.733,1,0,14.209,0.2876,0,0
2026-05-05 03:27:23,79874.0,,,,18.26,0,📊 市場狀態: 無信號,30.988,16.192,2.097,-0.837,1,0,14.796,0.2879,0,0
2026-05-05 03:28:40,79889.0,,,,18.27,0,📊 市場狀態: 無信號,31.066,16.173,2.176,-0.855,1,0,14.893,0.2871,0,0
2026-05-05 03:29:48,79893.0,,,,18.27,0,📊 市場狀態: 無信號,31.066,16.173,2.176,-0.855,1,0,14.893,0.2861,0,0
2026-05-05 03:30:55,79906.0,,,,19.23,0,📊 市場狀態: 無信號,30.647,15.914,-0.419,-0.259,1,1,14.733,0.3066,-1,0
2026-05-05 03:32:02,79903.0,,,,19.31,0,📊 市場狀態: 無信號,30.81,15.675,-0.256,-0.498,1,1,15.134,0.3097,-1,0
2026-05-05 03:33:09,79916.0,,,,19.31,0,📊 市場狀態: 無信號,30.804,15.64,-0.262,-0.533,1,0,15.164,0.3079,-1,0
2026-05-05 03:34:16,79920.0,,,,19.32,0,📊 市場狀態: 無信號,30.864,15.613,-0.202,-0.56,1,0,15.251,0.3096,-1,0
2026-05-05 03:35:23,79901.0,,,,20.27,0,📊 市場狀態: 無信號,30.764,15.552,0.039,-0.164,1,1,15.212,0.3019,-1,0
2026-05-05 03:36:31,79933.0,,,,20.21,0,📊 市場狀態: 無信號,30.358,15.613,-0.367,-0.102,1,1,14.744,0.2963,-1,0
2026-05-05 03:37:39,79961.0,,,,20.11,0,📊 市場狀態: 無信號,30.064,15.933,-0.661,0.218,0,1,14.13,0.2894,-1,0
2026-05-05 03:38:47,79958.0,,,,20.08,0,📊 市場狀態: 無信號,29.876,15.992,-0.849,0.276,0,1,13.884,0.288,-1,0
2026-05-05 03:39:55,79842.0,,,,20.41,0,📊 市場狀態: 無信號,31.342,15.115,0.617,-0.601,1,0,16.227,0.2913,-1,0
2026-05-05 03:41:05,79873.0,,,,21.48,0,📊 市場狀態: 無信號,31.105,14.872,-0.294,-0.228,1,1,16.233,0.269,-1,0
2026-05-05 03:42:13,79899.0,,,,21.48,0,📊 市場狀態: 無信號,30.801,14.72,-0.598,-0.381,0,1,16.081,0.2674,-1,0
2026-05-05 03:43:32,79899.0,,,,21.48,0,📊 市場狀態: 無信號,30.784,14.67,-0.616,-0.43,0,1,16.114,0.2669,-1,0
2026-05-05 03:44:40,79899.0,,,,21.48,0,📊 市場狀態: 無信號,30.768,14.662,-0.632,-0.438,0,1,16.106,0.2663,-1,0
2026-05-05 03:45:48,79924.0,,,,22.48,0,📊 市場狀態: 無信號,29.918,14.219,-0.653,-0.347,0,1,15.699,0.2446,-1,0
2026-05-05 03:46:57,79970.0,,,,22.35,0,📊 市場狀態: 無信號,29.64,14.686,-0.931,0.12,0,1,14.954,0.2462,-1,0
2026-05-05 03:48:05,79995.0,,,,21.77,0,📊 市場狀態: 無信號,28.75,17.031,-1.82,2.466,0,1,11.719,0.2439,0,0
2026-05-05 03:49:13,79973.0,,,,21.73,0,📊 市場狀態: 無信號,28.681,17.203,-1.889,2.638,0,1,11.478,0.2442,-1,0
2026-05-05 03:50:21,79979.0,,,,21.82,0,📊 市場狀態: 無信號,27.553,16.913,-1.008,-0.621,0,0,10.64,0.2415,0,0
2026-05-05 03:51:30,79921.0,,,,21.83,0,📊 市場狀態: 無信號,27.432,16.745,-1.128,-0.788,0,0,10.687,0.2437,0,0
2026-05-05 03:52:38,79962.0,,,,21.84,0,📊 市場狀態: 無信號,27.43,16.717,-1.131,-0.816,0,0,10.713,0.2428,0,0
2026-05-05 03:53:47,79937.0,,,,21.84,0,📊 市場狀態: 無信號,27.406,16.706,-1.154,-0.828,0,0,10.7,0.2432,0,0
2026-05-05 03:54:56,79940.0,,,,21.85,0,📊 市場狀態: 無信號,27.465,16.679,-1.095,-0.855,0,0,10.787,0.2446,0,0
2026-05-05 03:56:13,79961.0,,,,22.01,0,📊 市場狀態: 無信號,27.094,16.655,-0.372,-0.024,1,1,10.439,0.2501,0,0
2026-05-05 03:57:22,79956.0,,,,22.01,0,📊 市場狀態: 無信號,27.033,16.621,-0.433,-0.058,1,1,10.412,0.2501,0,0
2026-05-05 03:58:31,80016.0,,,,21.8,0,📊 市場狀態: 無信號,26.152,17.593,-1.314,0.914,0,1,8.559,0.2516,0,0
2026-05-05 03:59:40,80016.0,,,,21.82,0,📊 市場狀態: 無信號,26.099,17.704,-1.367,1.025,0,1,8.395,0.2516,0,0
2026-05-05 04:00:48,79934.0,,,,21.85,0,📊 市場狀態: 無信號,26.095,17.103,0.039,-0.714,1,0,8.992,0.2684,0,0
2026-05-05 04:01:56,79948.0,,,,21.91,0,📊 市場狀態: 無信號,26.326,16.879,0.27,-0.938,1,0,9.447,0.2688,0,0
2026-05-05 04:03:03,79920.0,,,,22.07,0,📊 市場狀態: 無信號,27.672,16.469,1.616,-1.348,1,0,11.203,0.2785,0,0
2026-05-05 04:04:12,79938.0,,,,22.09,0,📊 市場狀態: 無信號,27.827,16.439,1.771,-1.379,1,0,11.389,0.2766,0,0
2026-05-05 04:05:21,79952.0,,,,22.43,0,📊 市場狀態: 無信號,27.799,16.142,-0.401,-0.218,1,1,11.657,0.2947,0,0
2026-05-05 04:06:29,79948.0,,,,22.51,0,📊 市場狀態: 無信號,28.14,15.907,-0.06,-0.453,1,1,12.233,0.2985,0,0
2026-05-05 04:07:37,79977.0,,,,22.51,0,📊 市場狀態: 無信號,27.865,15.723,-0.334,-0.636,1,0,12.142,0.2977,0,0
2026-05-05 04:08:55,79950.0,,,,22.52,0,📊 市場狀態: 無信號,27.792,15.627,-0.407,-0.732,1,0,12.165,0.2992,0,0
2026-05-05 04:10:05,79968.0,,,,22.52,0,📊 市場狀態: 無信號,27.786,15.625,-0.414,-0.735,1,0,12.161,0.2992,0,0
2026-05-05 04:11:13,79984.0,,,,22.87,0,📊 市場狀態: 無信號,27.533,15.631,-0.253,0.006,1,1,11.901,0.3075,0,0
2026-05-05 04:12:22,79990.0,,,,22.8,0,📊 市場狀態: 無信號,27.37,15.84,-0.416,0.215,1,1,11.529,0.3049,0,0
2026-05-05 04:13:30,80009.0,,,,22.74,0,📊 市場狀態: 無信號,27.109,15.953,-0.677,0.329,0,1,11.155,0.3065,0,0
2026-05-05 04:14:38,80065.0,,,,22.48,0,📊 市場狀態: 無信號,26.478,17.322,-1.308,1.697,0,1,9.156,0.308,0,0
2026-05-05 04:15:46,80084.0,,,,22.14,0,📊 市場狀態: 無信號,25.875,18.181,-0.354,0.353,1,1,7.694,0.291,0,0
2026-05-05 04:16:55,80075.0,,,,22.06,0,📊 市場狀態: 無信號,25.694,18.511,-0.536,0.683,0,1,7.183,0.2887,0,0
2026-05-05 04:18:03,80095.0,,,,21.94,0,📊 市場狀態: 無信號,25.418,19.421,-0.812,1.593,0,1,5.997,0.2838,0,0
2026-05-05 04:19:12,79992.0,,,,22.0,0,📊 市場狀態: 無信號,24.95,18.232,-1.28,0.404,0,1,6.718,0.2903,0,0
2026-05-05 04:20:20,79880.0,,,,23.46,0,📊 市場狀態: 無信號,29.589,15.244,0.54,-0.472,1,1,14.346,0.3087,-1,0
2026-05-05 04:21:38,79863.0,,,,23.78,0,📊 市場狀態: 無信號,30.754,14.883,1.458,-0.509,1,0,15.871,0.3171,-1,0
2026-05-05 04:22:46,79941.0,,,,23.78,0,📊 市場狀態: 無信號,30.036,14.571,0.741,-0.821,1,0,15.465,0.3101,0,0
2026-05-05 04:23:54,79904.0,,,,23.87,0,📊 市場狀態: 無信號,30.574,14.407,1.279,-0.985,1,0,16.167,0.3159,-1,0
2026-05-05 04:25:04,79922.0,,,,23.96,0,📊 市場狀態: 無信號,31.232,14.232,1.937,-1.16,1,0,17.0,0.3177,0,0
2026-05-05 04:26:12,79978.0,,,,24.82,0,📊 市場狀態: 無信號,30.705,14.196,-0.528,-0.036,0,1,16.509,0.3166,0,0
2026-05-05 04:27:21,79968.0,,,,24.7,0,📊 市場狀態: 無信號,30.47,14.624,-0.762,0.392,0,1,15.847,0.3164,0,0
2026-05-05 04:28:29,79969.0,,,,24.7,0,📊 市場狀態: 無信號,30.343,14.577,-0.89,0.345,0,1,15.765,0.3184,0,0
2026-05-05 04:29:36,79979.0,,,,24.7,0,📊 市場狀態: 無信號,30.281,14.541,-0.952,0.309,0,1,15.74,0.3184,0,0
2026-05-05 04:30:43,79963.0,,,,25.15,0,📊 市場狀態: 無信號,30.072,14.305,-0.366,-0.18,1,1,15.767,0.3265,0,0
2026-05-05 04:31:51,79961.0,,,,25.41,0,📊 市場狀態: 無信號,29.894,14.286,-0.261,-0.198,1,1,15.608,0.32,0,0
2026-05-05 04:32:59,79949.0,,,,25.45,0,📊 市場狀態: 無信號,30.13,14.191,-0.024,-0.292,1,1,15.939,0.3231,0,0
2026-05-05 04:34:16,79911.0,,,,25.8,0,📊 市場狀態: 無信號,32.378,13.576,2.224,-0.907,1,0,18.802,0.3307,0,0
2026-05-05 04:35:23,79920.0,,,,26.71,0,📊 市場狀態: 無信號,32.717,13.309,0.461,-0.381,1,1,19.408,0.3357,0,0
2026-05-05 04:36:31,79924.0,,,,26.95,0,📊 市場狀態: 無信號,32.611,13.174,-0.091,-0.322,1,1,19.437,0.3268,0,0
2026-05-05 04:37:39,79925.0,,,,26.95,0,📊 市場狀態: 無信號,32.514,13.121,-0.188,-0.375,1,1,19.393,0.3268,0,0
2026-05-05 04:38:46,79889.0,,,,27.06,0,📊 市場狀態: 無信號,33.261,12.943,0.558,-0.553,1,0,20.318,0.3297,0,0
2026-05-05 04:39:55,79848.0,,,,27.3,0,📊 市場狀態: 無信號,35.22,12.541,2.517,-0.955,1,0,22.679,0.3296,0,0
2026-05-05 04:41:02,79842.0,,,,28.68,0,📊 市場狀態: 無信號,35.018,12.395,-0.239,-0.138,1,1,22.623,0.34,-1,0
2026-05-05 04:42:09,79873.0,,,,28.61,0,📊 市場狀態: 無信號,34.34,12.497,-0.917,-0.036,0,1,21.843,0.34,-1,0
2026-05-05 04:43:16,79845.0,,,,28.65,0,📊 市場狀態: 無信號,34.548,12.391,-0.709,-0.141,0,1,22.157,0.3435,-1,0
2026-05-05 04:44:23,79848.0,,,,28.65,0,📊 市場狀態: 無信號,34.569,12.388,-0.688,-0.145,0,1,22.181,0.3432,-1,0
2026-05-05 04:45:30,79866.0,,,,29.64,0,📊 市場狀態: 無信號,34.266,12.449,-0.414,-0.131,1,1,21.816,0.3707,-1,0
2026-05-05 04:46:38,79902.0,,,,29.6,0,📊 市場狀態: 無信號,33.416,13.221,-1.123,0.697,0,1,20.194,0.359,-1,0
2026-05-05 04:47:46,79902.0,,,,29.6,0,📊 市場狀態: 無信號,33.379,13.193,-1.16,0.669,0,1,20.186,0.3598,-1,0
2026-05-05 04:49:02,79904.0,,,,29.59,0,📊 市場狀態: 無信號,33.305,13.22,-1.233,0.696,0,1,20.085,0.3602,-1,0
2026-05-05 04:50:10,79939.0,,,,29.34,0,📊 市場狀態: 無信號,32.872,14.066,-0.936,0.257,0,1,18.806,0.3493,-1,0
2026-05-05 04:51:17,79911.0,,,,30.08,0,📊 市場狀態: 無信號,32.452,13.881,-0.416,-0.218,1,1,18.571,0.3512,0,0
2026-05-05 04:52:25,79899.0,,,,30.08,0,📊 市場狀態: 無信號,32.364,13.846,-0.504,-0.253,0,1,18.518,0.3509,0,0
2026-05-05 04:53:32,79873.0,,,,30.11,0,📊 市場狀態: 無信號,32.105,13.62,-0.763,-0.479,0,1,18.485,0.3548,0,0
2026-05-05 04:54:39,79876.0,,,,30.17,0,📊 市場狀態: 無信號,32.395,13.433,-0.473,-0.666,1,0,18.962,0.356,0,0
2026-05-05 04:55:46,79908.0,,,,30.75,0,📊 市場狀態: 無信號,32.079,13.416,-0.352,-0.107,1,1,18.662,0.3623,0,0
2026-05-05 04:56:54,79913.0,,,,30.84,0,📊 市場狀態: 無信號,31.741,13.482,-0.735,0.077,0,1,18.259,0.3654,0,0
2026-05-05 04:58:01,79875.0,,,,30.84,0,📊 市場狀態: 無信號,31.559,13.405,-0.917,0.001,0,1,18.153,0.3658,0,0
2026-05-05 04:59:10,79895.0,,,,30.8,0,📊 市場狀態: 無信號,31.45,13.563,-1.026,0.159,0,1,17.886,0.3661,0,0
2026-05-05 05:00:17,79898.0,,,,31.33,0,📊 市場狀態: 無信號,31.175,13.51,-0.191,-0.148,1,1,17.665,0.3721,0,0
2026-05-05 05:01:25,79928.0,,,,31.3,0,📊 市場狀態: 無信號,30.968,13.599,-0.397,-0.059,1,1,17.369,0.3716,0,0
2026-05-05 05:02:32,79993.0,,,,30.98,0,📊 市場狀態: 無信號,30.188,15.519,-1.177,1.861,0,1,14.669,0.3669,0,0
2026-05-05 05:03:49,80010.0,,,,30.27,0,📊 市場狀態: 無信號,28.229,20.055,-3.136,6.397,0,1,8.175,0.3527,0,0
2026-05-05 05:04:57,79973.0,,,,30.17,0,📊 市場狀態: 無信號,28.037,20.54,-3.328,6.882,0,1,7.497,0.3519,0,0
2026-05-05 05:06:05,79971.0,,,,29.58,0,📊 市場狀態: 無信號,27.509,20.343,-0.491,-0.282,1,1,7.166,0.3383,0,0
2026-05-05 05:07:13,80009.0,,,,29.57,0,📊 市場狀態: 無信號,27.175,20.128,-0.825,-0.498,0,1,7.047,0.3395,0,0
2026-05-05 05:08:20,80025.0,,,,29.54,0,📊 市場狀態: 無信號,27.102,20.237,-0.897,-0.389,0,1,6.866,0.3394,0,0
2026-05-05 05:09:28,80054.0,,,,29.59,0,📊 市場狀態: 無信號,26.907,20.669,-1.092,0.043,0,1,6.239,0.3378,0,0
2026-05-05 05:10:35,80048.0,,,,29.2,0,📊 市場狀態: 無信號,26.784,20.838,-0.334,-0.226,1,1,5.946,0.3352,0,0
2026-05-05 05:11:42,80099.0,,,,28.8,0,📊 市場狀態: 無信號,25.831,22.866,-0.994,1.994,0,1,2.965,0.3276,0,0
2026-05-05 05:12:50,80081.0,,,,28.79,0,📊 市場狀態: 無信號,25.706,23.281,-1.119,2.408,0,1,2.426,0.3269,0,0
2026-05-05 05:13:58,80046.0,,,,28.71,0,📊 市場狀態: 無信號,25.546,23.668,-1.279,2.795,0,1,1.879,0.3238,0,0
2026-05-05 05:15:06,80060.0,,,,28.65,0,📊 市場狀態: 無信號,25.436,23.997,-1.39,3.125,0,1,1.439,0.3258,1,0
2026-05-05 05:16:23,80069.0,,,,27.78,0,📊 市場狀態: 無信號,24.956,24.12,-0.48,0.123,1,1,0.836,0.3149,1,0
2026-05-05 05:17:30,80038.0,,,,27.78,0,📊 市場狀態: 無信號,24.764,23.959,-0.672,-0.038,0,1,0.805,0.3142,1,0
2026-05-05 05:18:38,80033.0,,,,27.74,0,📊 市場狀態: 無信號,24.61,23.582,-0.826,-0.415,0,1,1.028,0.3124,1,0
2026-05-05 05:19:47,80037.0,,,,27.71,0,📊 市場狀態: 無信號,24.633,23.758,-0.803,-0.239,0,1,0.875,0.3117,0,0
2026-05-05 05:20:53,80059.0,,,,27.05,0,📊 市場狀態: 無信號,24.426,23.668,-0.382,-0.104,1,1,0.758,0.3023,0,0
2026-05-05 05:22:01,80059.0,,,,26.78,0,📊 市場狀態: 無信號,24.122,23.671,-0.536,-0.106,0,1,0.451,0.2931,0,0
2026-05-05 05:23:09,80109.0,,,,26.71,0,📊 市場狀態: 無信號,23.473,24.512,-1.186,0.735,0,1,-1.039,0.3102,1,0
2026-05-05 05:24:17,80196.0,,,,26.91,0,📊 市場狀態: 無信號,22.242,27.871,-2.416,4.094,0,1,-5.629,0.3933,1,0
2026-05-05 05:25:24,80229.0,,,,26.79,0,📊 市場狀態: 無信號,21.387,30.13,-0.453,0.364,1,1,-8.743,0.4377,1,0
2026-05-05 05:26:32,80212.0,,,,26.51,0,📊 市場狀態: 無信號,21.093,30.021,-0.41,-0.131,1,1,-8.929,0.4559,1,0
2026-05-05 05:27:39,80184.0,,,,26.51,0,📊 市場狀態: 無信號,20.964,29.773,-0.539,-0.379,0,1,-8.81,0.4512,1,0
2026-05-05 05:28:48,80177.0,,,,26.52,0,📊 市場狀態: 無信號,20.616,29.595,-0.887,-0.558,0,0,-8.979,0.452,1,0
2026-05-05 05:29:56,80147.0,,,,26.52,0,📊 市場狀態: 無信號,20.356,29.195,-1.148,-0.958,0,0,-8.84,0.4467,1,0
2026-05-05 05:31:13,80199.0,,,,25.97,0,📊 市場狀態: 無信號,19.477,28.24,-0.833,-0.9,0,0,-8.762,0.4467,1,0
2026-05-05 05:32:20,80228.0,,,,26.06,0,📊 市場狀態: 無信號,19.112,28.308,-1.198,-0.832,0,0,-9.196,0.4544,1,0
2026-05-05 05:33:28,80206.0,,,,26.08,0,📊 市場狀態: 無信號,19.033,28.378,-1.277,-0.761,0,0,-9.346,0.4558,1,0
2026-05-05 05:34:36,80214.0,,,,26.12,0,📊 市場狀態: 無信號,18.962,28.573,-1.348,-0.567,0,0,-9.611,0.461,1,0
2026-05-05 05:35:43,80224.0,,,,25.87,0,📊 市場狀態: 無信號,18.774,28.453,-0.384,-0.314,1,1,-9.679,0.4879,1,0
2026-05-05 05:36:52,80242.0,,,,25.88,0,📊 市場狀態: 無信號,18.424,28.829,-0.509,0.172,0,1,-10.405,0.4976,0,0
2026-05-05 05:38:00,80226.0,,,,25.9,0,📊 市場狀態: 無信號,18.36,28.97,-0.574,0.313,0,1,-10.611,0.4927,0,0
2026-05-05 05:39:08,80213.0,,,,25.89,0,📊 市場狀態: 無信號,18.408,29.033,-0.526,0.375,0,1,-10.625,0.4896,0,0
2026-05-05 05:40:16,80233.0,,,,25.82,0,📊 市場狀態: 無信號,18.25,28.715,-0.266,-0.248,1,1,-10.465,0.4907,0,0
2026-05-05 05:41:24,80213.0,,,,25.64,0,📊 市場狀態: 無信號,18.285,28.628,-0.153,-0.393,1,1,-10.343,0.5044,0,0
2026-05-05 05:42:31,80214.0,,,,25.67,0,📊 市場狀態: 無信號,18.195,28.78,-0.243,-0.241,1,1,-10.584,0.5092,0,0
2026-05-05 05:43:48,80213.0,,,,25.69,0,📊 市場狀態: 無信號,18.159,28.862,-0.279,-0.159,1,1,-10.702,0.5109,0,0
2026-05-05 05:44:56,80213.0,,,,25.53,0,📊 市場狀態: 無信號,18.722,28.498,0.284,-0.523,1,0,-9.776,0.488,0,0
2026-05-05 05:46:04,80230.0,,,,25.21,0,📊 市場狀態: 無信號,18.616,28.326,-0.084,-0.146,1,1,-9.71,0.5059,0,0
2026-05-05 05:47:11,80231.0,,,,25.32,0,📊 市場狀態: 無信號,18.152,28.631,-0.548,0.159,0,1,-10.478,0.5151,0,0
2026-05-05 05:48:18,80240.0,,,,25.33,0,📊 市場狀態: 無信號,18.122,28.705,-0.578,0.233,0,1,-10.583,0.5179,0,0
2026-05-05 05:49:27,80248.0,,,,25.35,0,📊 市場狀態: 無信號,18.038,28.785,-0.662,0.313,0,1,-10.747,0.5235,0,0
2026-05-05 05:50:34,80293.0,,,,25.75,0,📊 市場狀態: 無信號,17.156,30.745,-0.435,0.388,1,1,-13.59,0.588,0,0
2026-05-05 05:51:42,80313.0,,,,25.84,0,📊 市場狀態: 無信號,16.983,31.191,-0.608,0.834,0,1,-14.208,0.5949,0,0
2026-05-05 05:52:49,80275.0,,,,25.91,0,📊 市場狀態: 無信號,16.894,31.599,-0.696,1.242,0,1,-14.705,0.6033,0,0
2026-05-05 05:53:57,80266.0,,,,25.92,0,📊 市場狀態: 無信號,16.682,31.248,-0.908,0.891,0,1,-14.566,0.5968,0,0
2026-05-05 05:55:05,80239.0,,,,25.95,0,📊 市場狀態: 無信號,16.628,31.396,-0.963,1.039,0,1,-14.768,0.6043,0,0
2026-05-05 05:56:22,80252.0,,,,26.25,0,📊 市場狀態: 無信號,16.488,30.697,-0.14,-0.699,1,0,-14.209,0.6409,0,0
2026-05-05 05:57:30,80213.0,,,,26.05,0,📊 市場狀態: 無信號,17.268,30.126,0.639,-1.27,1,0,-12.858,0.6369,0,0
2026-05-05 05:58:38,80218.0,,,,25.88,0,📊 市場狀態: 無信號,17.992,29.821,1.364,-1.575,1,0,-11.829,0.603,0,0
2026-05-05 05:59:45,80213.0,,,,25.68,0,📊 市場狀態: 無信號,18.954,29.37,2.326,-2.026,1,0,-10.416,0.5628,0,0
2026-05-05 06:00:53,80321.0,,,,25.74,0,📊 市場狀態: 無信號,17.753,30.255,-1.348,0.953,0,1,-12.502,0.5786,0,0
2026-05-05 06:02:01,80327.0,,,,25.77,0,📊 市場狀態: 無信號,17.561,30.251,-1.54,0.948,0,1,-12.689,0.5839,0,0
2026-05-05 06:03:08,80265.0,,,,25.8,0,📊 市場狀態: 無信號,17.532,30.411,-1.569,1.108,0,1,-12.878,0.5724,0,0
2026-05-05 06:04:16,80297.0,,,,25.79,0,📊 市場狀態: 無信號,17.574,30.394,-1.527,1.091,0,1,-12.819,0.5712,0,0
2026-05-05 06:05:24,80330.0,,,,25.94,0,📊 市場狀態: 無信號,17.117,29.699,-0.457,-0.695,1,0,-12.582,0.561,0,0
2026-05-05 06:06:31,80262.0,,,,25.94,0,📊 市場狀態: 無信號,16.809,29.122,-0.765,-1.272,0,0,-12.312,0.5526,0,0
2026-05-05 06:07:39,80250.0,,,,25.94,0,📊 市場狀態: 無信號,16.722,28.912,-0.853,-1.482,0,0,-12.19,0.5499,0,0
2026-05-05 06:08:55,80257.0,,,,26.02,0,📊 市場狀態: 無信號,16.584,29.458,-0.99,-0.936,0,0,-12.873,0.5693,0,0
2026-05-05 06:10:03,80274.0,,,,26.02,0,📊 市場狀態: 無信號,16.552,29.407,-1.022,-0.987,0,0,-12.854,0.5682,0,0
2026-05-05 06:11:11,80296.0,,,,26.1,0,📊 市場狀態: 無信號,16.615,27.974,0.063,-1.433,1,0,-11.359,0.5604,0,0
2026-05-05 06:12:19,80287.0,,,,26.1,0,📊 市場狀態: 無信號,16.59,27.928,0.038,-1.479,1,0,-11.337,0.5591,0,0
2026-05-05 06:13:26,80301.0,,,,26.1,0,📊 市場狀態: 無信號,16.59,27.928,0.038,-1.479,1,0,-11.337,0.5588,0,0
2026-05-05 06:14:34,80321.0,,,,26.18,0,📊 市場狀態: 無信號,16.339,28.211,-0.213,-1.195,1,0,-11.873,0.571,0,0
2026-05-05 06:15:41,80320.0,,,,26.4,0,📊 市場狀態: 無信號,16.173,28.298,-0.15,-0.014,1,1,-12.125,0.5779,0,0
2026-05-05 06:16:49,80365.0,,,,26.67,0,📊 市場狀態: 無信號,15.673,29.931,-0.65,1.619,0,1,-14.258,0.6133,0,0
2026-05-05 06:17:56,80254.0,,,,26.32,0,📊 市場狀態: 無信號,15.998,27.651,-0.325,-0.662,1,0,-11.653,0.5643,0,0
2026-05-05 06:19:04,80235.0,,,,26.18,0,📊 市場狀態: 無信號,16.634,26.904,0.311,-1.409,1,0,-10.27,0.5475,0,0
2026-05-05 06:20:10,80252.0,,,,26.31,0,📊 市場狀態: 無信號,17.346,26.575,0.487,-0.811,1,0,-9.229,0.518,0,0
2026-05-05 06:21:18,80242.0,,,,25.93,0,📊 市場狀態: 無信號,17.321,26.335,-0.059,-0.298,1,1,-9.014,0.5013,0,0
2026-05-05 06:22:26,80256.0,,,,25.86,0,📊 市場狀態: 無信號,17.584,26.117,0.203,-0.516,1,0,-8.533,0.4936,0,0
2026-05-05 06:23:43,80234.0,,,,25.58,0,📊 市場狀態: 無信號,20.136,24.99,2.755,-1.643,1,0,-4.854,0.4231,0,0
2026-05-05 06:24:51,80273.0,,,,25.58,0,📊 市場狀態: 無信號,20.116,24.929,2.735,-1.704,1,0,-4.813,0.4239,0,0
2026-05-05 06:25:58,80259.0,,,,25.26,0,📊 市場狀態: 無信號,19.857,24.752,-0.057,-0.429,1,1,-4.895,0.4123,0,0
2026-05-05 06:27:06,80252.0,,,,25.16,0,📊 市場狀態: 無信號,19.51,24.822,-0.601,-0.102,0,1,-5.312,0.4104,0,0
2026-05-05 06:28:13,80244.0,,,,25.16,0,📊 市場狀態: 無信號,19.455,24.705,-0.656,-0.219,0,1,-5.25,0.41,0,0
2026-05-05 06:29:21,80223.0,,,,25.04,0,📊 市場狀態: 無信號,19.767,24.391,-0.344,-0.534,1,0,-4.624,0.4026,0,0
2026-05-05 06:30:27,80218.0,,,,24.43,0,📊 市場狀態: 無信號,20.369,24.11,0.201,-0.085,1,1,-3.741,0.3524,0,0
2026-05-05 06:31:34,80196.0,,,,24.18,0,📊 市場狀態: 無信號,22.322,23.491,2.154,-0.704,1,0,-1.169,0.3216,0,0
2026-05-05 06:32:41,80183.0,,,,24.2,0,📊 市場狀態: 無信號,22.939,23.302,2.771,-0.893,1,0,-0.363,0.3129,0,0
2026-05-05 06:33:48,80152.0,,,,24.22,0,📊 市場狀態: 無信號,23.357,23.173,3.189,-1.022,1,0,0.184,0.3116,0,0
2026-05-05 06:34:56,80087.0,,,,24.11,0,📊 市場狀態: 無信號,25.711,22.449,5.543,-1.746,1,0,3.261,0.3211,0,0
2026-05-05 06:36:03,80136.0,,,,23.4,0,📊 市場狀態: 無信號,25.692,21.671,0.147,-0.865,1,0,4.021,0.316,0,0
2026-05-05 06:37:11,80101.0,,,,23.26,0,📊 市場狀態: 無信號,25.814,21.497,-0.331,-0.821,1,0,4.317,0.316,0,0
2026-05-05 06:38:28,80078.0,,,,23.34,0,📊 市場狀態: 無信號,26.507,21.281,0.362,-1.037,1,0,5.226,0.3187,0,0
2026-05-05 06:39:35,80093.0,,,,23.34,0,📊 市場狀態: 無信號,26.372,21.199,0.226,-1.119,1,0,5.172,0.3181,0,0
2026-05-05 06:40:42,80094.0,,,,22.63,0,📊 市場狀態: 無信號,26.185,21.191,-0.187,-0.008,1,1,4.994,0.3058,0,0
2026-05-05 06:41:50,80094.0,,,,22.69,0,📊 市場狀態: 無信號,26.021,20.743,-0.351,-0.456,1,1,5.277,0.3073,0,0
2026-05-05 06:42:56,80092.0,,,,22.69,0,📊 市場狀態: 無信號,25.916,20.66,-0.456,-0.539,1,0,5.256,0.3066,0,0
2026-05-05 06:44:04,80090.0,,,,22.69,0,📊 市場狀態: 無信號,25.93,20.655,-0.441,-0.544,1,0,5.275,0.3077,0,0
2026-05-05 06:45:11,80059.0,,,,22.62,0,📊 市場狀態: 無信號,27.24,20.016,0.717,-0.42,1,1,7.223,0.2938,-1,0
2026-05-05 06:46:19,80078.0,,,,22.65,0,📊 市場狀態: 無信號,27.509,19.407,0.479,-0.694,1,0,8.102,0.2859,0,0
2026-05-05 06:47:26,80096.0,,,,22.65,0,📊 市場狀態: 無信號,27.171,19.179,0.142,-0.922,1,0,7.993,0.2852,0,0
2026-05-05 06:48:33,80115.0,,,,22.65,0,📊 市場狀態: 無信號,26.834,18.942,-0.196,-1.158,1,0,7.892,0.2827,0,0
2026-05-05 06:49:41,80139.0,,,,22.58,0,📊 市場狀態: 無信號,25.991,19.454,-1.039,-0.646,0,0,6.537,0.2801,0,0
2026-05-05 06:50:49,80132.0,,,,21.98,0,📊 市場狀態: 無信號,24.88,19.933,-0.897,-0.567,0,0,4.947,0.2368,0,0
2026-05-05 06:51:56,80098.0,,,,21.97,0,📊 市場狀態: 無信號,24.324,19.479,-1.118,-0.78,0,0,4.845,0.238,0,0
2026-05-05 06:53:13,80077.0,,,,22.0,0,📊 市場狀態: 無信號,24.076,19.132,-1.366,-1.127,0,0,4.944,0.2385,0,0
2026-05-05 06:54:20,80061.0,,,,21.99,0,📊 市場狀態: 無信號,23.947,19.056,-1.495,-1.203,0,0,4.892,0.2393,0,0
2026-05-05 06:55:27,80036.0,,,,21.49,0,📊 市場狀態: 無信號,24.351,18.65,0.172,-0.366,1,1,5.7,0.2448,0,0
2026-05-05 06:56:35,80050.0,,,,21.54,0,📊 市場狀態: 無信號,24.301,18.526,0.089,-0.237,1,1,5.775,0.2426,0,0
2026-05-05 06:57:42,80042.0,,,,21.55,0,📊 市場狀態: 無信號,24.374,18.496,0.162,-0.267,1,1,5.879,0.2425,0,0
2026-05-05 06:58:50,80041.0,,,,21.65,0,📊 市場狀態: 無信號,25.21,18.208,0.998,-0.554,1,0,7.002,0.2454,0,0
2026-05-05 06:59:57,80027.0,,,,21.65,0,📊 市場狀態: 無信號,24.897,18.023,0.685,-0.74,1,0,6.874,0.242,0,0
2026-05-05 07:01:05,79984.0,,,,21.37,0,📊 市場狀態: 無信號,24.444,17.467,-0.404,-0.524,1,0,6.976,0.2467,0,0
2026-05-05 07:02:12,79923.0,,,,21.98,0,📊 市場狀態: 無信號,28.295,16.347,3.447,-1.645,1,0,11.948,0.262,0,0
2026-05-05 07:03:19,79927.0,,,,22.07,0,📊 市場狀態: 無信號,28.869,16.221,4.021,-1.771,1,0,12.649,0.2551,0,0
2026-05-05 07:04:25,79900.0,,,,22.08,0,📊 市場狀態: 無信號,28.916,16.21,4.069,-1.782,1,0,12.706,0.2562,0,0
2026-05-05 07:05:33,79906.0,,,,22.52,0,📊 市場狀態: 無信號,28.823,15.968,-0.093,-0.242,1,1,12.855,0.2983,0,0
2026-05-05 07:06:40,79908.0,,,,22.52,0,📊 市場狀態: 無信號,28.483,15.738,-0.433,-0.472,1,1,12.745,0.3012,0,0
2026-05-05 07:07:58,79900.0,,,,22.56,0,📊 市場狀態: 無信號,28.659,15.6,-0.257,-0.61,1,0,13.059,0.3005,0,0
2026-05-05 07:09:05,79897.0,,,,22.56,0,📊 市場狀態: 無信號,28.549,15.544,-0.367,-0.665,1,0,13.005,0.2996,0,0
2026-05-05 07:10:14,79867.0,,,,22.93,0,📊 市場狀態: 無信號,29.772,15.116,0.688,-0.489,1,1,14.656,0.3298,0,0
2026-05-05 07:11:21,79853.0,,,,23.51,0,📊 市場狀態: 無信號,29.996,14.806,0.396,-0.399,1,1,15.19,0.3577,-1,0
2026-05-05 07:12:28,79862.0,,,,23.65,0,📊 市場狀態: 無信號,30.988,14.607,1.388,-0.598,1,0,16.381,0.3565,0,0
2026-05-05 07:13:36,79873.0,,,,23.65,0,📊 市場狀態: 無信號,30.723,14.492,1.124,-0.713,1,0,16.232,0.353,0,0
2026-05-05 07:14:43,79875.0,,,,23.63,0,📊 市場狀態: 無信號,30.438,14.485,0.838,-0.72,1,0,15.952,0.3499,0,0
2026-05-05 07:15:50,79874.0,,,,24.36,0,📊 市場狀態: 無信號,29.971,14.567,-0.405,-0.067,1,1,15.404,0.3959,0,0
2026-05-05 07:16:57,79866.0,,,,24.33,0,📊 市場狀態: 無信號,29.815,14.598,-0.561,-0.036,0,1,15.217,0.3945,0,0
2026-05-05 07:18:05,79851.0,,,,24.29,0,📊 市場狀態: 無信號,29.614,14.708,-0.763,0.073,0,1,14.906,0.3956,0,0
2026-05-05 07:19:11,79846.0,,,,24.34,0,📊 市場狀態: 無信號,29.575,14.473,-0.801,-0.162,0,1,15.103,0.3997,-1,0
2026-05-05 07:20:19,79869.0,,,,24.43,0,📊 市場狀態: 無信號,28.829,15.032,-0.58,-0.024,0,1,13.797,0.4177,0,0
2026-05-05 07:21:27,79866.0,,,,24.65,0,📊 市場狀態: 無信號,28.701,15.104,-0.354,-0.058,1,1,13.597,0.392,0,0
2026-05-05 07:22:44,79859.0,,,,24.47,0,📊 市場狀態: 無信號,28.343,15.825,-0.713,0.663,0,1,12.518,0.3941,0,0
2026-05-05 07:23:52,79835.0,,,,24.47,0,📊 市場狀態: 無信號,28.141,15.72,-0.915,0.558,0,1,12.421,0.3955,0,0
2026-05-05 07:24:59,79824.0,,,,24.48,0,📊 市場狀態: 無信號,28.15,15.662,-0.905,0.501,0,1,12.488,0.3968,0,0
2026-05-05 07:26:07,79836.0,,,,24.76,0,📊 市場狀態: 無信號,27.881,15.658,-0.27,-0.005,1,1,12.223,0.3876,0,0
2026-05-05 07:27:14,79879.0,,,,24.46,0,📊 市場狀態: 無信號,27.114,16.683,-1.036,1.02,0,1,10.431,0.385,0,0
2026-05-05 07:28:23,79880.0,,,,24.25,0,📊 市場狀態: 無信號,26.777,17.394,-1.373,1.732,0,1,9.383,0.3884,0,0
2026-05-05 07:29:29,79921.0,,,,23.84,0,📊 市場狀態: 無信號,26.179,19.047,-1.971,3.384,0,1,7.133,0.3838,0,0
2026-05-05 07:30:37,79893.0,,,,23.29,0,📊 市場狀態: 無信號,25.377,19.096,-0.886,0.451,0,1,6.282,0.3681,0,0
2026-05-05 07:31:43,79868.0,,,,23.19,0,📊 市場狀態: 無信號,25.234,18.632,-0.707,-0.887,0,0,6.603,0.379,0,0
2026-05-05 07:32:51,79772.0,,,,23.5,0,📊 市場狀態: 無信號,26.279,17.535,0.338,-1.984,1,0,8.744,0.3809,0,0
2026-05-05 07:33:58,79800.0,,,,23.56,0,📊 市場狀態: 無信號,26.605,17.458,0.664,-2.061,1,0,9.148,0.3825,0,0
2026-05-05 07:35:07,79800.0,,,,23.61,0,📊 市場狀態: 無信號,27.221,17.311,1.283,-1.953,1,0,9.91,0.3896,0,0
2026-05-05 07:36:14,79773.0,,,,23.57,0,📊 市場狀態: 無信號,27.154,16.904,-0.067,-0.407,1,1,10.25,0.4026,0,0
2026-05-05 07:37:31,79754.0,,,,23.85,0,📊 市場狀態: 無信號,28.657,16.471,1.436,-0.84,1,0,12.185,0.4003,0,0
2026-05-05 07:38:38,79726.0,,,,24.08,0,📊 市場狀態: 無信號,30.135,16.119,2.914,-1.192,1,0,14.016,0.402,0,0
2026-05-05 07:39:44,79745.0,,,,24.08,0,📊 市場狀態: 無信號,30.11,16.097,2.889,-1.214,1,0,14.012,0.3989,0,0
2026-05-05 07:40:52,79750.0,,,,24.36,0,📊 市場狀態: 無信號,29.714,15.849,-0.105,-0.323,1,1,13.866,0.3866,0,0
2026-05-05 07:41:59,79762.0,,,,24.49,0,📊 市場狀態: 無信號,29.545,15.766,-0.495,-0.276,1,1,13.779,0.3915,0,0
2026-05-05 07:43:07,79711.0,,,,24.48,0,📊 市場狀態: 無信號,28.968,15.497,-1.072,-0.545,0,0,13.471,0.3935,0,0
2026-05-05 07:44:14,79697.0,,,,24.48,0,📊 市場狀態: 無信號,29.015,15.526,-1.025,-0.516,0,0,13.489,0.3915,0,0
2026-05-05 07:45:22,79712.0,,,,24.79,0,📊 市場狀態: 無信號,28.817,15.348,-0.326,-0.065,1,1,13.468,0.3678,0,0
2026-05-05 07:46:32,79713.0,,,,24.85,0,📊 市場狀態: 無信號,28.627,15.392,-0.348,-0.118,1,1,13.235,0.3682,0,0
2026-05-05 07:47:46,79717.0,,,,24.79,0,📊 市場狀態: 無信號,28.087,15.449,-0.888,-0.061,0,1,12.638,0.3635,0,0
2026-05-05 07:48:55,79724.0,,,,24.78,0,📊 市場狀態: 無信號,28.032,15.404,-0.944,-0.106,0,1,12.627,0.364,0,0
2026-05-05 07:50:13,79744.0,,,,24.86,0,📊 市場狀態: 無信號,27.45,15.659,-0.421,-0.353,1,1,11.79,0.3502,0,0
2026-05-05 07:51:20,79792.0,,,,24.43,0,📊 市場狀態: 無信號,26.617,17.024,-1.109,1.215,0,1,9.593,0.3381,0,0
2026-05-05 07:52:28,79769.0,,,,24.43,0,📊 市場狀態: 無信號,26.508,16.941,-1.218,1.131,0,1,9.567,0.3388,0,0
2026-05-05 07:53:35,79805.0,,,,24.47,0,📊 市場狀態: 無信號,26.684,16.868,-1.042,1.058,0,1,9.816,0.3243,0,0
2026-05-05 07:54:42,79801.0,,,,24.45,0,📊 市場狀態: 無信號,26.732,16.956,-0.994,1.146,0,1,9.776,0.3224,0,0
2026-05-05 07:55:50,79802.0,,,,24.31,0,📊 市場狀態: 無信號,26.534,16.831,-0.445,0.123,1,1,9.704,0.3146,0,0
2026-05-05 07:56:57,79802.0,,,,24.29,0,📊 市場狀態: 無信號,26.459,16.649,-0.273,-0.307,1,1,9.81,0.3084,0,0
2026-05-05 07:58:04,79797.0,,,,24.29,0,📊 市場狀態: 無信號,26.362,16.593,-0.37,-0.363,1,1,9.769,0.3089,0,0
2026-05-05 07:59:11,79792.0,,,,24.37,0,📊 市場狀態: 無信號,26.682,16.488,-0.05,-0.468,1,1,10.195,0.308,0,0
2026-05-05 08:00:20,79776.0,,,,24.31,0,📊 市場狀態: 無信號,26.62,16.497,0.068,0.073,1,1,10.124,0.2757,0,0
2026-05-05 08:01:27,79758.0,,,,24.33,0,📊 市場狀態: 無信號,26.894,16.705,0.342,0.281,1,1,10.189,0.2753,0,0
2026-05-05 08:02:35,79828.0,,,,24.06,0,📊 市場狀態: 無信號,26.449,18.061,-0.103,1.637,1,1,8.388,0.2632,0,0
2026-05-05 08:03:43,79906.0,,,,23.25,0,📊 市場狀態: 無信號,23.245,22.376,-3.307,5.952,0,1,0.869,0.2939,0,0
2026-05-05 08:04:59,79951.0,,,,23.08,0,📊 市場狀態: 無信號,22.139,24.831,-4.413,8.407,0,1,-2.692,0.3389,0,0
2026-05-05 08:06:07,79969.0,,,,22.0,0,📊 市場狀態: 無信號,21.525,24.971,-0.607,0.117,0,1,-3.446,0.3554,0,0
2026-05-05 08:07:13,79924.0,,,,21.99,0,📊 市場狀態: 無信號,21.222,24.721,-0.91,-0.134,0,1,-3.499,0.3572,0,0
2026-05-05 08:08:21,79937.0,,,,22.07,0,📊 市場狀態: 無信號,21.075,25.11,-1.058,0.255,0,1,-4.035,0.3692,0,0
2026-05-05 08:09:28,79917.0,,,,22.07,0,📊 市場狀態: 無信號,20.904,24.925,-1.228,0.071,0,1,-4.021,0.3676,0,0
2026-05-05 08:10:35,79888.0,,,,21.22,0,📊 市場狀態: 無信號,20.686,24.487,-0.214,-0.104,1,1,-3.802,0.3563,0,0
2026-05-05 08:11:42,79943.0,,,,21.12,0,📊 市場狀態: 無信號,20.075,23.674,-0.703,-1.105,0,0,-3.599,0.3697,0,0
2026-05-05 08:12:49,79919.0,,,,21.14,0,📊 市場狀態: 無信號,19.994,23.699,-0.783,-1.08,0,0,-3.704,0.3722,0,0
2026-05-05 08:13:56,79901.0,,,,21.1,0,📊 市場狀態: 無信號,20.284,23.595,-0.494,-1.184,1,0,-3.311,0.3682,0,0
2026-05-05 08:15:04,79909.0,,,,21.13,0,📊 市場狀態: 無信號,20.367,23.613,-0.411,-1.166,1,0,-3.246,0.3665,0,0
2026-05-05 08:16:11,79884.0,,,,20.21,0,📊 市場狀態: 無信號,20.451,22.682,0.084,-0.931,1,0,-2.231,0.348,0,0
2026-05-05 08:17:18,79870.0,,,,20.12,0,📊 市場狀態: 無信號,21.581,22.366,1.214,-1.247,1,0,-0.785,0.3181,0,0
2026-05-05 08:18:26,79891.0,,,,20.1,0,📊 市場狀態: 無信號,21.742,22.304,1.375,-1.309,1,0,-0.562,0.3127,0,0
2026-05-05 08:19:42,79900.0,,,,20.06,0,📊 市場狀態: 無信號,22.46,22.007,2.093,-1.606,1,0,0.453,0.3037,0,0
2026-05-05 08:20:51,79906.0,,,,19.05,0,📊 市場狀態: 無信號,22.238,22.166,-0.208,0.169,1,1,0.072,0.2983,0,0
2026-05-05 08:21:58,79886.0,,,,19.05,0,📊 市場狀態: 無信號,21.99,21.922,-0.456,-0.074,1,1,0.068,0.2982,0,0
2026-05-05 08:23:06,79859.0,,,,19.12,0,📊 市場狀態: 無信號,22.049,21.43,-0.397,-0.566,1,0,0.618,0.2917,0,0
2026-05-05 08:24:13,79840.0,,,,19.2,0,📊 市場狀態: 無信號,23.447,20.595,1.001,-1.402,1,0,2.853,0.2858,0,0
2026-05-05 08:25:21,79847.0,,,,18.41,0,📊 市場狀態: 無信號,23.223,20.256,-0.262,-0.492,1,1,2.966,0.2758,0,0
2026-05-05 08:26:29,79855.0,,,,18.41,0,📊 市場狀態: 無信號,22.892,20.022,-0.584,-0.551,0,0,2.87,0.2764,0,0
2026-05-05 08:27:38,79820.0,,,,18.47,0,📊 市場狀態: 無信號,23.162,19.826,-0.314,-0.747,1,0,3.335,0.2692,0,0
2026-05-05 08:28:46,79829.0,,,,18.51,0,📊 市場狀態: 無信號,23.583,19.594,0.107,-0.979,1,0,3.988,0.2675,0,0
2026-05-05 08:29:55,79803.0,,,,18.64,0,📊 市場狀態: 無信號,24.315,19.384,0.84,-1.189,1,0,4.932,0.2682,0,0
2026-05-05 08:31:03,79845.0,,,,18.03,0,📊 市場狀態: 無信號,23.153,18.953,-1.213,-0.418,0,1,4.2,0.2561,0,0
2026-05-05 08:32:21,79896.0,,,,17.65,0,📊 市場狀態: 無信號,22.148,21.721,-2.217,2.349,0,1,0.428,0.2691,0,0
2026-05-05 08:33:30,79966.0,,,,17.99,0,📊 市場狀態: 無信號,21.349,24.568,-3.017,5.197,0,1,-3.219,0.3044,0,0
2026-05-05 08:34:37,80066.0,,,,18.46,0,📊 市場狀態: 無信號,20.364,27.99,-4.002,8.619,0,1,-7.626,0.3738,0,0
2026-05-05 08:35:46,80054.0,,,,18.41,0,📊 市場狀態: 無信號,19.785,27.732,-0.466,-0.656,1,0,-7.947,0.3798,0,0
2026-05-05 08:36:54,80010.0,,,,18.43,0,📊 市場狀態: 無信號,19.612,27.639,-0.64,-0.75,0,0,-8.027,0.3799,0,0
2026-05-05 08:38:03,79990.0,,,,18.43,0,📊 市場狀態: 無信號,19.267,27.176,-0.985,-1.213,0,0,-7.909,0.3757,0,0
2026-05-05 08:39:10,80011.0,,,,18.43,0,📊 市場狀態: 無信號,19.164,27.04,-1.088,-1.349,0,0,-7.876,0.3771,0,0
2026-05-05 08:40:19,80011.0,,,,18.44,0,📊 市場狀態: 無信號,19.072,26.936,-0.399,-0.352,1,1,-7.863,0.3898,0,0
2026-05-05 08:41:26,79988.0,,,,18.2,0,📊 市場狀態: 無信號,19.827,26.293,0.691,-0.749,1,0,-6.467,0.356,0,0
2026-05-05 08:42:35,79989.0,,,,18.06,0,📊 市場狀態: 無信號,20.543,25.885,1.407,-1.158,1,0,-5.342,0.3336,0,0
2026-05-05 08:43:44,79993.0,,,,18.05,0,📊 市場狀態: 無信號,20.575,25.852,1.439,-1.191,1,0,-5.277,0.3321,0,0
2026-05-05 08:45:02,79998.0,,,,18.05,0,📊 市場狀態: 無信號,20.412,25.691,1.277,-1.352,1,0,-5.279,0.3346,0,0
2026-05-05 08:46:10,80031.0,,,,17.9,0,📊 市場狀態: 無信號,19.399,26.685,-0.813,1.259,0,1,-7.285,0.3828,0,0
2026-05-05 08:47:18,80027.0,,,,17.91,0,📊 市場狀態: 無信號,19.377,26.685,-0.835,1.259,0,1,-7.307,0.3808,0,0
2026-05-05 08:48:26,80051.0,,,,17.93,0,📊 市場狀態: 無信號,19.335,26.8,-0.877,1.374,0,1,-7.465,0.3866,0,0
2026-05-05 08:49:34,79987.0,,,,17.99,0,📊 市場狀態: 無信號,19.157,27.05,-1.055,1.624,0,1,-7.893,0.3907,0,0
2026-05-05 08:50:43,80050.0,,,,17.94,0,📊 市場狀態: 無信號,18.545,26.331,-0.732,-0.602,0,0,-7.786,0.41,0,0
2026-05-05 08:51:51,80082.0,,,,18.17,0,📊 市場狀態: 無信號,17.971,27.107,-1.154,0.1,0,1,-9.136,0.442,0,0
2026-05-05 08:53:00,80103.0,,,,18.46,0,📊 市場狀態: 無信號,17.557,28.796,-1.568,1.789,0,1,-11.238,0.4788,0,0
2026-05-05 08:54:08,80135.0,,,,18.64,0,📊 市場狀態: 無信號,17.266,29.886,-1.859,2.88,0,1,-12.62,0.5082,0,0
2026-05-05 08:55:17,80117.0,,,,19.38,0,📊 市場狀態: 無信號,17.115,30.089,-0.352,0.179,1,1,-12.975,0.5415,1,0
2026-05-05 08:56:25,80096.0,,,,19.29,0,📊 市場狀態: 無信號,16.963,29.174,-0.218,-1.088,1,0,-12.211,0.5239,1,0
2026-05-05 08:57:42,80115.0,,,,19.25,0,📊 市場狀態: 無信號,17.0,28.88,-0.18,-1.382,1,0,-11.88,0.5193,1,0
2026-05-05 08:58:51,80119.0,,,,19.25,0,📊 市場狀態: 無信號,16.986,28.85,-0.194,-1.412,1,0,-11.864,0.5177,1,0
2026-05-05 08:59:59,80136.0,,,,19.25,0,📊 市場狀態: 無信號,16.934,28.747,-0.247,-1.515,1,0,-11.814,0.5185,1,0
2026-05-05 09:01:07,80096.0,,,,19.75,0,📊 市場狀態: 無信號,16.604,28.181,-0.329,-0.567,1,0,-11.576,0.5144,0,0
2026-05-05 09:02:15,80038.0,,,,18.88,0,📊 市場狀態: 無信號,20.179,26.58,3.246,-2.168,1,0,-6.4,0.417,0,0
2026-05-05 09:03:24,80074.0,,,,18.81,0,📊 市場狀態: 無信號,20.583,26.429,3.649,-2.318,1,0,-5.846,0.4086,0,0
2026-05-05 09:04:31,80076.0,,,,18.81,0,📊 市場狀態: 無信號,20.583,26.429,3.649,-2.318,1,0,-5.846,0.407,0,0
2026-05-05 09:05:40,80088.0,,,,18.41,0,📊 市場狀態: 無信號,20.344,26.21,-0.239,-0.219,1,1,-5.866,0.3902,0,0
2026-05-05 09:06:47,80119.0,,,,18.53,0,📊 市場狀態: 無信號,19.703,26.3,-0.88,-0.13,0,1,-6.597,0.409,0,0
2026-05-05 09:07:56,80100.0,,,,18.7,0,📊 市場狀態: 無信號,19.3,27.126,-1.283,0.697,0,1,-7.827,0.4217,0,0
2026-05-05 09:09:04,80148.0,,,,18.85,0,📊 市場狀態: 無信號,18.906,28.004,-1.677,1.575,0,1,-9.098,0.4456,0,0
2026-05-05 09:10:22,80181.0,,,,19.13,0,📊 市場狀態: 無信號,18.685,28.208,-0.622,0.425,0,1,-9.523,0.4746,0,0
2026-05-05 09:11:30,80211.0,,,,19.25,0,📊 市場狀態: 無信號,18.161,29.461,-0.677,1.191,0,1,-11.299,0.5,0,0
2026-05-05 09:12:38,80194.0,,,,19.26,0,📊 市場狀態: 無信號,18.096,29.48,-0.743,1.21,0,1,-11.384,0.4994,0,0
2026-05-05 09:13:45,80187.0,,,,19.37,0,📊 市場狀態: 無信號,17.902,30.217,-0.936,1.947,0,1,-12.315,0.5177,0,0
2026-05-05 09:14:51,80201.0,,,,19.37,0,📊 市場狀態: 無信號,17.886,30.267,-0.952,1.997,0,1,-12.381,0.5173,0,0
2026-05-05 09:15:59,80200.0,,,,19.83,0,📊 市場狀態: 無信號,17.407,29.443,-0.386,-0.722,1,0,-12.036,0.5233,0,0
2026-05-05 09:17:06,80203.0,,,,19.79,0,📊 市場狀態: 無信號,17.409,29.163,-0.384,-1.003,1,0,-11.753,0.5218,0,0
2026-05-05 09:18:14,80179.0,,,,19.76,0,📊 市場狀態: 無信號,17.42,28.867,-0.373,-1.298,1,0,-11.448,0.5117,0,0
2026-05-05 09:19:21,80172.0,,,,19.63,0,📊 市場狀態: 無信號,18.057,28.612,0.264,-1.554,1,0,-10.555,0.49,0,0
2026-05-05 09:20:28,80167.0,,,,19.3,0,📊 市場狀態: 無信號,19.417,27.912,0.402,-0.683,1,0,-8.495,0.4624,0,0
2026-05-05 09:21:35,80165.0,,,,19.19,0,📊 市場狀態: 無信號,19.317,27.598,-0.186,-0.451,1,1,-8.281,0.4521,0,0
2026-05-05 09:22:43,80188.0,,,,19.27,0,📊 市場狀態: 無信號,19.076,27.811,-0.427,-0.238,1,1,-8.735,0.462,0,0
2026-05-05 09:23:53,80230.0,,,,19.4,0,📊 市場狀態: 無信號,18.57,28.081,-0.932,0.032,0,1,-9.511,0.4857,0,0
2026-05-05 09:25:09,80217.0,,,,19.54,0,📊 市場狀態: 無信號,18.213,28.358,-0.618,0.599,0,1,-10.145,0.4886,0,0
2026-05-05 09:26:16,80205.0,,,,19.7,0,📊 市場狀態: 無信號,17.644,27.676,-0.621,-0.778,0,0,-10.032,0.5004,0,0
2026-05-05 09:27:23,80236.0,,,,19.7,0,📊 市場狀態: 無信號,17.595,27.615,-0.67,-0.838,0,0,-10.02,0.5013,0,0
2026-05-05 09:28:31,80209.0,,,,19.7,0,📊 市場狀態: 無信號,17.399,27.366,-0.865,-1.087,0,0,-9.967,0.4979,0,0
2026-05-05 09:29:38,80209.0,,,,19.7,0,📊 市場狀態: 無信號,17.363,27.277,-0.902,-1.176,0,0,-9.915,0.4985,0,0
2026-05-05 09:30:45,80205.0,,,,19.9,0,📊 市場狀態: 無信號,17.293,27.236,-0.069,-0.042,1,1,-9.943,0.5031,0,0
2026-05-05 09:31:52,80169.0,,,,19.61,0,📊 市場狀態: 無信號,18.553,26.883,1.19,-0.394,1,1,-8.33,0.4822,0,0
2026-05-05 09:32:59,80162.0,,,,19.55,0,📊 市場狀態: 無信號,20.207,26.018,2.844,-1.259,1,0,-5.811,0.44,0,0
2026-05-05 09:34:07,80170.0,,,,19.32,0,📊 市場狀態: 無信號,21.473,25.51,4.11,-1.767,1,0,-4.037,0.4158,0,0
2026-05-05 09:35:15,80158.0,,,,19.03,0,📊 市場狀態: 無信號,21.302,25.263,0.445,-0.553,1,0,-3.961,0.4089,0,0
2026-05-05 09:36:23,80245.0,,,,19.02,0,📊 市場狀態: 無信號,20.125,24.608,-1.347,-0.902,0,0,-4.482,0.4282,0,0
2026-05-05 09:37:30,80261.0,,,,19.38,0,📊 市場狀態: 無信號,18.994,27.621,-2.478,2.111,0,1,-8.627,0.4964,0,0
2026-05-05 09:38:39,80232.0,,,,19.39,0,📊 市場狀態: 無信號,18.969,27.7,-2.504,2.19,0,1,-8.731,0.4923,0,0
2026-05-05 09:39:56,80204.0,,,,19.39,0,📊 市場狀態: 無信號,18.969,27.7,-2.504,2.19,0,1,-8.731,0.4886,0,0
2026-05-05 09:41:03,80218.0,,,,19.46,0,📊 市場狀態: 無信號,18.698,27.319,-0.272,-0.381,1,1,-8.621,0.502,0,0
2026-05-05 09:42:10,80211.0,,,,19.46,0,📊 市場狀態: 無信號,18.613,27.181,-0.356,-0.519,1,0,-8.568,0.5008,0,0
2026-05-05 09:43:18,80219.0,,,,19.45,0,📊 市場狀態: 無信號,18.609,27.114,-0.36,-0.586,1,0,-8.505,0.5001,0,0
2026-05-05 09:44:25,80241.0,,,,19.44,0,📊 市場狀態: 無信號,18.186,26.613,-0.783,-1.087,0,0,-8.427,0.5031,0,0
2026-05-05 09:45:33,80224.0,,,,19.4,0,📊 市場狀態: 無信號,18.0,26.393,-0.466,-0.684,1,0,-8.393,0.5034,0,0
2026-05-05 09:46:40,80237.0,,,,19.45,0,📊 市場狀態: 無信號,17.714,25.995,-0.4,-0.591,1,0,-8.282,0.5066,0,0
2026-05-05 09:47:49,80249.0,,,,19.47,0,📊 市場狀態: 無信號,17.565,25.937,-0.549,-0.649,0,0,-8.371,0.5083,0,0
2026-05-05 09:48:58,80290.0,,,,19.62,0,📊 市場狀態: 無信號,17.214,26.725,-0.9,0.139,0,1,-9.511,0.5256,0,0
2026-05-05 09:50:05,80292.0,,,,19.62,0,📊 市場狀態: 無信號,17.213,26.722,-0.901,0.136,0,1,-9.509,0.5249,0,0
2026-05-05 09:51:12,80325.0,,,,19.89,0,📊 市場狀態: 無信號,16.72,26.793,-0.493,0.071,1,1,-10.073,0.5335,0,0
2026-05-05 09:52:20,80326.0,,,,20.05,0,📊 市場狀態: 無信號,16.432,27.655,-0.781,0.933,0,1,-11.223,0.5532,0,0
2026-05-05 09:53:27,80333.0,,,,20.26,0,📊 市場狀態: 無信號,16.103,29.046,-1.11,2.324,0,1,-12.943,0.5749,0,0
2026-05-05 09:54:44,80283.0,,,,20.31,0,📊 市場狀態: 無信號,16.02,29.3,-1.193,2.578,0,1,-13.281,0.5767,0,0
2026-05-05 09:55:51,80270.0,,,,20.75,0,📊 市場狀態: 無信號,16.165,28.736,-0.076,0.294,1,1,-12.571,0.5542,0,0
2026-05-05 09:56:58,80283.0,,,,20.77,0,📊 市場狀態: 無信號,16.422,28.439,0.439,-0.794,1,0,-12.017,0.537,0,0
2026-05-05 09:58:05,80300.0,,,,20.69,0,📊 市場狀態: 無信號,16.661,28.261,0.677,-0.972,1,0,-11.6,0.5286,0,0
2026-05-05 09:59:12,80294.0,,,,20.67,0,📊 市場狀態: 無信號,16.735,28.202,0.751,-1.03,1,0,-11.467,0.5248,0,0
2026-05-05 10:00:19,80298.0,,,,20.89,0,📊 市場狀態: 無信號,17.174,27.813,0.446,-0.371,1,1,-10.638,0.4833,0,0
2026-05-05 10:01:25,80282.0,,,,20.56,0,📊 市場狀態: 無信號,19.332,26.773,2.604,-1.411,1,0,-7.44,0.4286,0,0
2026-05-05 10:02:33,80290.0,,,,20.58,0,📊 市場狀態: 無信號,19.2,26.694,2.471,-1.49,1,0,-7.494,0.4311,0,0
2026-05-05 10:03:40,80335.0,,,,20.86,0,📊 市場狀態: 無信號,18.199,27.436,1.47,-0.748,1,0,-9.237,0.4591,0,0
2026-05-05 10:04:49,80454.0,,,,22.25,0,📊 市場狀態: 無信號,13.87,34.771,-2.858,6.588,0,1,-20.901,0.6561,0,0
2026-05-05 10:05:56,80458.0,,,,23.98,0,📊 市場狀態: 無信號,13.059,34.55,-0.611,-1.228,0,0,-21.491,0.6484,1,0
2026-05-05 10:07:03,80410.0,,,,23.98,0,📊 市場狀態: 無信號,12.825,33.922,-0.845,-1.857,0,0,-21.097,0.6427,1,0
2026-05-05 10:08:10,80395.0,,,,23.98,0,📊 市場狀態: 無信號,12.557,33.3,-1.114,-2.478,0,0,-20.744,0.6388,1,0
